-- phpMyAdmin SQL Dump
-- version 4.3.11
-- http://www.phpmyadmin.net
--
-- Host: 127.0.0.1
-- Generation Time: Sep 12, 2015 at 01:19 PM
-- Server version: 5.6.24
-- PHP Version: 5.6.8

SET SQL_MODE = "NO_AUTO_VALUE_ON_ZERO";
SET time_zone = "+00:00";


/*!40101 SET @OLD_CHARACTER_SET_CLIENT=@@CHARACTER_SET_CLIENT */;
/*!40101 SET @OLD_CHARACTER_SET_RESULTS=@@CHARACTER_SET_RESULTS */;
/*!40101 SET @OLD_COLLATION_CONNECTION=@@COLLATION_CONNECTION */;
/*!40101 SET NAMES utf8 */;

--
-- Database: `u660917219_obaju`
--

-- --------------------------------------------------------

--
-- Table structure for table `category`
--

CREATE TABLE IF NOT EXISTS `category` (
  `id` int(10) unsigned NOT NULL,
  `name` varchar(255) COLLATE utf8_unicode_ci NOT NULL,
  `lft` int(11) NOT NULL,
  `rgt` int(11) NOT NULL,
  `deep` int(11) NOT NULL,
  `created_at` timestamp NOT NULL DEFAULT '0000-00-00 00:00:00',
  `updated_at` timestamp NOT NULL DEFAULT '0000-00-00 00:00:00'
) ENGINE=InnoDB AUTO_INCREMENT=9 DEFAULT CHARSET=utf8 COLLATE=utf8_unicode_ci;

--
-- Dumping data for table `category`
--

INSERT INTO `category` (`id`, `name`, `lft`, `rgt`, `deep`, `created_at`, `updated_at`) VALUES
(1, 'Thời trang nữ', 1, 10, 1, '2015-07-30 23:53:46', '2015-08-04 02:36:40'),
(2, 'Thời trang nam', 11, 18, 1, '2015-07-30 23:54:03', '2015-08-31 08:47:21'),
(3, 'Áo nữ', 2, 5, 2, '2015-07-30 23:54:39', '2015-08-03 02:21:40'),
(4, 'Quần nữ', 6, 7, 2, '2015-07-30 23:55:59', '2015-08-03 02:21:40'),
(5, 'đầm váy', 8, 9, 2, '2015-07-31 00:02:26', '2015-08-03 02:21:40'),
(6, 'Áo nam', 12, 13, 2, '2015-07-31 00:03:07', '2015-08-03 02:21:40'),
(7, 'Quần nam', 14, 15, 2, '2015-07-31 00:03:24', '2015-08-03 02:21:40'),
(8, 'Bộ thể thao', 16, 17, 2, '2015-08-31 08:47:21', '2015-08-31 08:47:21');

-- --------------------------------------------------------

--
-- Table structure for table `classification`
--

CREATE TABLE IF NOT EXISTS `classification` (
  `id` int(11) NOT NULL,
  `recommend` text NOT NULL,
  `description` text NOT NULL,
  `created_at` timestamp NOT NULL DEFAULT CURRENT_TIMESTAMP ON UPDATE CURRENT_TIMESTAMP
) ENGINE=InnoDB AUTO_INCREMENT=6 DEFAULT CHARSET=utf8;

--
-- Dumping data for table `classification`
--

INSERT INTO `classification` (`id`, `recommend`, `description`, `created_at`) VALUES
(1, 'Bạn có thân hình tương đối ốm. Theo như chuyên gia tư vấn của chúng tôi, bạn có thể chọn cho mình những sản phẩm sau: ', '', '2015-09-09 04:15:02'),
(2, 'Theo như những gì bạn cung cấp thì bạn có một thân hình mảnh mai. Một số sản phẩm phù hợp cho bạn: ', '', '2015-09-09 04:15:50'),
(3, 'Xin chúc mừng, bạn là người có thân hình lý tưởng. bạn có thể mặc rất nhiều những mẫu quần áo đẹp: Một số sản phẩm bạn có thể lựa chọn: ', '', '2015-09-09 04:16:41'),
(4, 'Mũm mĩm một chút đáng yêu mà phải không bạn. bạn có thể chọn cho mình những sản phẩm dưới đây nhé sẽ giúp bạn trong đáng yêu hơn nữa đó: ', '', '2015-09-09 04:17:58'),
(5, 'Đừng buồn nhé. dù cho bạn có hơi mập một chút thì chúng tôi vẫn có những sản phẩm phù hợp với bạn mà. bạn có thể lựa chọn cho mình những sản phẩm này nhé. chúc bạn vui vẻ: ', '', '2015-09-09 04:19:09');

-- --------------------------------------------------------

--
-- Table structure for table `color`
--

CREATE TABLE IF NOT EXISTS `color` (
  `id` int(10) unsigned NOT NULL,
  `name` varchar(255) COLLATE utf8_unicode_ci NOT NULL,
  `created_at` timestamp NOT NULL DEFAULT '0000-00-00 00:00:00',
  `updated_at` timestamp NOT NULL DEFAULT '0000-00-00 00:00:00'
) ENGINE=InnoDB AUTO_INCREMENT=17 DEFAULT CHARSET=utf8 COLLATE=utf8_unicode_ci;

--
-- Dumping data for table `color`
--

INSERT INTO `color` (`id`, `name`, `created_at`, `updated_at`) VALUES
(1, 'Xanh Dương', '0000-00-00 00:00:00', '0000-00-00 00:00:00'),
(2, 'Xanh Lá', '0000-00-00 00:00:00', '0000-00-00 00:00:00'),
(3, 'Đen', '2015-08-24 23:56:55', '2015-08-24 23:56:55'),
(9, 'Đỏ', '2015-08-25 01:14:35', '2015-08-25 01:14:35'),
(10, 'Trắng', '2015-08-25 03:19:11', '2015-08-25 03:19:11'),
(11, 'Trắng kem', '2015-08-25 10:29:22', '2015-08-25 10:29:22'),
(12, 'Họa tiết hoa lớn', '2015-08-26 00:15:28', '2015-08-26 00:15:28'),
(13, 'Cam', '2015-08-26 23:36:50', '2015-08-26 23:36:50'),
(14, 'Hồng', '2015-08-27 00:18:57', '2015-08-27 00:18:57'),
(15, 'Hồng', '2015-09-07 00:18:36', '2015-09-07 00:18:36'),
(16, 'caro', '2015-09-08 23:28:44', '2015-09-08 23:28:44');

-- --------------------------------------------------------

--
-- Table structure for table `comment`
--

CREATE TABLE IF NOT EXISTS `comment` (
  `id` int(10) unsigned NOT NULL,
  `product_id` int(10) unsigned NOT NULL,
  `content` varchar(255) COLLATE utf8_unicode_ci NOT NULL,
  `user_id` int(10) unsigned NOT NULL,
  `name` varchar(45) COLLATE utf8_unicode_ci NOT NULL,
  `email` varchar(255) COLLATE utf8_unicode_ci NOT NULL,
  `rating` int(11) NOT NULL,
  `created_at` timestamp NOT NULL DEFAULT '0000-00-00 00:00:00',
  `updated_at` timestamp NOT NULL DEFAULT '0000-00-00 00:00:00'
) ENGINE=InnoDB AUTO_INCREMENT=2 DEFAULT CHARSET=utf8 COLLATE=utf8_unicode_ci;

--
-- Dumping data for table `comment`
--

INSERT INTO `comment` (`id`, `product_id`, `content`, `user_id`, `name`, `email`, `rating`, `created_at`, `updated_at`) VALUES
(1, 6, 'fails nặng ', 0, 'Hoàng Linh Nhung', 'admin@oreju.com', 88, '2015-09-08 23:46:17', '2015-09-08 23:46:17');

-- --------------------------------------------------------

--
-- Table structure for table `image`
--

CREATE TABLE IF NOT EXISTS `image` (
  `id` int(10) unsigned NOT NULL,
  `path` varchar(255) COLLATE utf8_unicode_ci NOT NULL,
  `product_id` int(10) unsigned NOT NULL,
  `created_at` timestamp NOT NULL DEFAULT '0000-00-00 00:00:00',
  `updated_at` timestamp NOT NULL DEFAULT '0000-00-00 00:00:00'
) ENGINE=InnoDB AUTO_INCREMENT=31 DEFAULT CHARSET=utf8 COLLATE=utf8_unicode_ci;

--
-- Dumping data for table `image`
--

INSERT INTO `image` (`id`, `path`, `product_id`, `created_at`, `updated_at`) VALUES
(1, 'multi55ec033c189aa.jpg', 1, '2015-09-06 02:11:24', '2015-09-06 02:11:24'),
(2, 'multi55ec033c20c19.jpg', 1, '2015-09-06 02:11:24', '2015-09-06 02:11:24'),
(3, 'multi55ec033c28c77.jpg', 1, '2015-09-06 02:11:24', '2015-09-06 02:11:24'),
(4, 'multi55ec033c35057.jpg', 1, '2015-09-06 02:11:24', '2015-09-06 02:11:24'),
(5, 'multi55ec0524ecb5f.jpg', 2, '2015-09-06 02:19:32', '2015-09-06 02:19:32'),
(6, 'multi55ec05250720d.jpg', 2, '2015-09-06 02:19:33', '2015-09-06 02:19:33'),
(7, 'multi55ec05250f48c.jpg', 2, '2015-09-06 02:19:33', '2015-09-06 02:19:33'),
(8, 'multi55ec052517795.jpg', 2, '2015-09-06 02:19:33', '2015-09-06 02:19:33'),
(9, 'multi55ed37ded1f5a.jpg', 3, '2015-09-07 00:08:14', '2015-09-07 00:08:14'),
(10, 'multi55ed37dee9451.jpg', 3, '2015-09-07 00:08:14', '2015-09-07 00:08:14'),
(11, 'multi55ed37deef74b.jpg', 3, '2015-09-07 00:08:14', '2015-09-07 00:08:14'),
(12, 'multi55ed37df01579.jpg', 3, '2015-09-07 00:08:15', '2015-09-07 00:08:15'),
(13, 'multi55ed391ba921a.jpg', 4, '2015-09-07 00:13:31', '2015-09-07 00:13:31'),
(14, 'multi55ed391bb7a1b.jpg', 4, '2015-09-07 00:13:31', '2015-09-07 00:13:31'),
(15, 'multi55ed391bc1bcd.jpg', 4, '2015-09-07 00:13:31', '2015-09-07 00:13:31'),
(16, 'multi55ed391bc9e98.jpg', 4, '2015-09-07 00:13:31', '2015-09-07 00:13:31'),
(17, 'multi55ed3a4cae228.jpg', 5, '2015-09-07 00:18:36', '2015-09-07 00:18:36'),
(18, 'multi55ed3b6b8fd8c.jpg', 6, '2015-09-07 00:23:23', '2015-09-07 00:23:23'),
(19, 'multi55ed3b6ba008e.jpg', 6, '2015-09-07 00:23:23', '2015-09-07 00:23:23'),
(20, 'multi55ed3b6bac32d.jpg', 6, '2015-09-07 00:23:23', '2015-09-07 00:23:23'),
(21, 'multi55ed3c329fc5b.jpg', 7, '2015-09-07 00:26:42', '2015-09-07 00:26:42'),
(22, 'multi55ed3c32a9db3.jpg', 7, '2015-09-07 00:26:42', '2015-09-07 00:26:42'),
(23, 'multi55ed3c32b8262.jpg', 7, '2015-09-07 00:26:42', '2015-09-07 00:26:42'),
(24, 'multi55ed3c32c4501.jpg', 7, '2015-09-07 00:26:42', '2015-09-07 00:26:42'),
(25, 'multi55ed3e59e6d2e.jpg', 8, '2015-09-07 00:35:53', '2015-09-07 00:35:53'),
(26, 'multi55ed3e59eedaf.jpg', 8, '2015-09-07 00:35:53', '2015-09-07 00:35:53'),
(27, 'multi55ed3e5a06d62.jpg', 8, '2015-09-07 00:35:54', '2015-09-07 00:35:54'),
(28, 'multi55ed3e5a0cd32.jpg', 8, '2015-09-07 00:35:54', '2015-09-07 00:35:54'),
(29, 'multi55ed3f224da61.jpg', 9, '2015-09-07 00:39:14', '2015-09-07 00:39:14'),
(30, 'multi55efd19cc5a9a.jpg', 10, '2015-09-08 23:28:44', '2015-09-08 23:28:44');

-- --------------------------------------------------------

--
-- Table structure for table `mapproductcolor`
--

CREATE TABLE IF NOT EXISTS `mapproductcolor` (
  `id` int(10) unsigned NOT NULL,
  `product_id` int(11) NOT NULL,
  `color_id` int(11) NOT NULL,
  `created_at` timestamp NOT NULL DEFAULT '0000-00-00 00:00:00',
  `updated_at` timestamp NOT NULL DEFAULT '0000-00-00 00:00:00'
) ENGINE=InnoDB AUTO_INCREMENT=14 DEFAULT CHARSET=utf8 COLLATE=utf8_unicode_ci;

--
-- Dumping data for table `mapproductcolor`
--

INSERT INTO `mapproductcolor` (`id`, `product_id`, `color_id`, `created_at`, `updated_at`) VALUES
(1, 1, 3, '2015-09-06 02:11:24', '2015-09-06 02:11:24'),
(2, 2, 10, '2015-09-06 02:19:33', '2015-09-06 02:19:33'),
(3, 3, 10, '2015-09-07 00:08:15', '2015-09-07 00:08:15'),
(4, 3, 13, '2015-09-07 00:08:15', '2015-09-07 00:08:15'),
(5, 4, 10, '2015-09-07 00:13:31', '2015-09-07 00:13:31'),
(6, 5, 3, '2015-09-07 00:18:36', '2015-09-07 00:18:36'),
(7, 5, 14, '2015-09-07 00:18:36', '2015-09-07 00:18:36'),
(8, 5, 15, '2015-09-07 00:18:36', '2015-09-07 00:18:36'),
(9, 6, 10, '2015-09-07 00:23:23', '2015-09-07 00:23:23'),
(10, 7, 14, '2015-09-07 00:26:42', '2015-09-07 00:26:42'),
(11, 8, 10, '2015-09-07 00:35:54', '2015-09-07 00:35:54'),
(12, 9, 3, '2015-09-07 00:39:14', '2015-09-07 00:39:14'),
(13, 10, 16, '2015-09-08 23:28:44', '2015-09-08 23:28:44');

-- --------------------------------------------------------

--
-- Table structure for table `mapproductsize`
--

CREATE TABLE IF NOT EXISTS `mapproductsize` (
  `id` int(10) unsigned NOT NULL,
  `product_id` int(11) NOT NULL,
  `size_id` int(11) NOT NULL,
  `created_at` timestamp NOT NULL DEFAULT '0000-00-00 00:00:00',
  `updated_at` timestamp NOT NULL DEFAULT '0000-00-00 00:00:00'
) ENGINE=InnoDB AUTO_INCREMENT=15 DEFAULT CHARSET=utf8 COLLATE=utf8_unicode_ci;

--
-- Dumping data for table `mapproductsize`
--

INSERT INTO `mapproductsize` (`id`, `product_id`, `size_id`, `created_at`, `updated_at`) VALUES
(1, 1, 6, '2015-09-06 02:11:24', '2015-09-06 02:11:24'),
(2, 2, 3, '2015-09-06 02:19:33', '2015-09-06 02:19:33'),
(3, 2, 4, '2015-09-06 02:19:33', '2015-09-06 02:19:33'),
(4, 3, 2, '2015-09-07 00:08:15', '2015-09-07 00:08:15'),
(5, 3, 3, '2015-09-07 00:08:15', '2015-09-07 00:08:15'),
(6, 4, 6, '2015-09-07 00:13:31', '2015-09-07 00:13:31'),
(7, 5, 6, '2015-09-07 00:18:36', '2015-09-07 00:18:36'),
(8, 6, 2, '2015-09-07 00:23:23', '2015-09-07 00:23:23'),
(9, 6, 3, '2015-09-07 00:23:23', '2015-09-07 00:23:23'),
(10, 6, 4, '2015-09-07 00:23:23', '2015-09-07 00:23:23'),
(11, 7, 6, '2015-09-07 00:26:42', '2015-09-07 00:26:42'),
(12, 8, 2, '2015-09-07 00:35:54', '2015-09-07 00:35:54'),
(13, 9, 6, '2015-09-07 00:39:14', '2015-09-07 00:39:14'),
(14, 10, 6, '2015-09-08 23:28:44', '2015-09-08 23:28:44');

-- --------------------------------------------------------

--
-- Table structure for table `migrations`
--

CREATE TABLE IF NOT EXISTS `migrations` (
  `migration` varchar(255) COLLATE utf8_unicode_ci NOT NULL,
  `batch` int(11) NOT NULL
) ENGINE=InnoDB DEFAULT CHARSET=utf8 COLLATE=utf8_unicode_ci;

--
-- Dumping data for table `migrations`
--

INSERT INTO `migrations` (`migration`, `batch`) VALUES
('2014_10_12_100000_create_password_resets_table', 1),
('2015_07_03_060225_create_category_table', 1),
('2015_07_03_060435_create_product_table', 1),
('2015_07_03_060601_create_image_table', 1),
('2015_07_03_060743_create_slider_table', 1),
('2015_07_03_060825_create_order_table', 1),
('2015_07_03_060921_create_orderDetail_table', 1),
('2015_07_03_071426_create_role_table', 1),
('2015_07_03_071427_create_users_table', 1),
('2015_07_03_071428_create_comment_table', 1),
('2015_07_03_074039_create_permmission_table', 1),
('2015_08_04_085210_create_news_table', 2),
('2014_10_12_000000_create_users_table', 3),
('2015_07_03_060516_create_comment_table', 3),
('2015_07_03_060651_create_mapProductCategory_table', 3),
('2015_08_21_032844_create_size_table', 3),
('2015_08_21_032910_create_color_table', 3),
('2015_08_21_040042_create_mapProductColor_table', 4),
('2015_08_21_040144_create_mapProductSize_table', 4);

-- --------------------------------------------------------

--
-- Table structure for table `news`
--

CREATE TABLE IF NOT EXISTS `news` (
  `id` int(10) unsigned NOT NULL,
  `title` varchar(255) COLLATE utf8_unicode_ci NOT NULL,
  `image` varchar(255) COLLATE utf8_unicode_ci NOT NULL,
  `content` text COLLATE utf8_unicode_ci NOT NULL,
  `description` varchar(255) COLLATE utf8_unicode_ci NOT NULL,
  `author_id` int(11) NOT NULL,
  `created_at` timestamp NOT NULL DEFAULT '0000-00-00 00:00:00',
  `updated_at` timestamp NOT NULL DEFAULT '0000-00-00 00:00:00'
) ENGINE=InnoDB AUTO_INCREMENT=7 DEFAULT CHARSET=utf8 COLLATE=utf8_unicode_ci;

--
-- Dumping data for table `news`
--

INSERT INTO `news` (`id`, `title`, `image`, `content`, `description`, `author_id`, `created_at`, `updated_at`) VALUES
(2, '10 phụ kiện thời trang Thu-Đông 2015 đỉnh nhất', 'ava55de6ef42c461.jpg', '<div class="article-details-desc" style="margin: 0px 0px 20px; padding: 0px; font-style: italic; color: #363636; font-family: Helveticaworld, Helvetica, ''Helvetica Neue'', Arial; font-size: 15px; line-height: 20px; outline: none !important;">\r\n<p style="margin: 0px; padding: 0px; outline: none !important;">Những mẫu phụ kiện đỉnh nhất từ s&agrave;n diễn thời trang Thu-Đ&ocirc;ng 2015 đang dần được đưa l&ecirc;n kệ, đ&aacute;nh dấu một m&ugrave;a thời trang, một m&ugrave;a mua sắm mới lại bắt đầu.</p>\r\n</div>\r\n<div class="article-details-main-content" style="margin: 0px; padding: 0px; color: #363636; font-family: Helveticaworld, Helvetica, ''Helvetica Neue'', Arial; font-size: 15px; line-height: 20px; outline: none !important;">\r\n<p style="margin: 20px 0px 0px; padding: 0px; outline: none !important;">H&atilde;y c&ugrave;ng ELLE điểm danh những m&oacute;n phụ kiện thời trang hứa hẹn sẽ tạo n&ecirc;n l&agrave;n s&oacute;ng xu hướng mới của m&ugrave;a Thu-Đ&ocirc;ng năm nay.</p>\r\n<p style="margin: 20px 0px 0px; padding: 0px; outline: none !important;"><strong style="margin: 0px; padding: 0px; outline: none !important;">1. T&uacute;i C&eacute;line Oversized Twisted Cabas</strong></p>\r\n<p style="margin: 20px 0px 0px; padding: 0px; outline: none !important;">Trong BST thời trang Thu-Đ&ocirc;ng 2015 của C&eacute;line, chiếc t&uacute;i oversized được nh&agrave; thiết kế Phoebe Philo tinh tế kết hợp giữa da v&agrave; da lộn, đặc biệt hơn l&agrave; da ngựa vằn. Chiếc t&uacute;i c&oacute; phom d&aacute;ng to đ&uacute;ng như t&ecirc;n gọi &ldquo;Oversized&rdquo;, đặc biệt ph&ugrave; hợp cho những c&ocirc; g&aacute;i th&iacute;ch cất giữ cả thế giới trong chiếc t&uacute;i của m&igrave;nh.</p>\r\n<p style="margin: 20px 0px 0px; padding: 0px; outline: none !important;">&nbsp;</p>\r\n<div id="attachment_94190" class="wp-caption alignnone" style="margin: 0px; padding: 0px; outline: none !important; width: 500px;"><a class="auto_fancybox" style="margin: 0px; padding: 0px; color: #363636; text-decoration: none; outline: none !important;" href="http://www.elle.vn/wp-content/uploads/2015/08/18/thoi-trang-thu-dong-2015-celine.jpg" rel="article_gallery"><img class="wp-image-94190 size-medium" style="margin: 0px auto; padding: 0px; height: auto; vertical-align: middle; border: none; max-width: 490px !important; outline: none !important; display: block;" title="T&uacute;i x&aacute;ch thời trang thu đ&ocirc;ng 2015 Celine" src="http://www.elle.vn/wp-content/uploads/2015/08/18/thoi-trang-thu-dong-2015-celine-490x611.jpg" alt="T&uacute;i x&aacute;ch thời trang thu đ&ocirc;ng 2015 Celine" width="490" height="611" /></a>\r\n<p class="wp-caption-text" style="margin: 0px; padding: 4px 4px 5px; font-style: italic; font-size: 13px; line-height: 17px; outline: none !important; text-align: right;">Chiếc t&uacute;i Oversized Twisted Cabas của Celine đủ to để chứa đựng cả thế giới của n&agrave;ng</p>\r\n</div>\r\n<p style="margin: 20px 0px 0px; padding: 0px; outline: none !important;"><strong style="margin: 0px; padding: 0px; outline: none !important;">2. Gi&agrave;y&nbsp;</strong><strong style="margin: 0px; padding: 0px; outline: none !important;">lười đ&iacute;nh l&ocirc;ng của Gucci</strong></p>\r\n<p style="margin: 20px 0px 0px; padding: 0px; outline: none !important;">NTK Alessandro Michelle khi nhận chức Gi&aacute;m đốc S&aacute;ng tạo của Gucci đ&atilde; mang đến luồng gi&oacute; mới mẻ cho thế giới thời trang, kh&ocirc;ng chỉ ở những bộ trang phục l&atilde;ng mạn v&agrave; nữ t&iacute;nh, m&agrave; c&ograve;n l&agrave; những m&oacute;n phụ kiện đầy s&aacute;ng tạo. Trong BST phụ kiện m&ugrave;a Thu-Đ&ocirc;ng 2015 của Gucci kh&ocirc;ng thể kh&ocirc;ng nhắc đến những đ&ocirc;i gi&agrave;y loafer được c&aacute;ch t&acirc;n với chất liệu da quen thuộc, kết hợp với lớp l&oacute;t l&ocirc;ng Kangaroo mịn m&agrave;ng, đem lại cảm gi&aacute;c dễ chịu cho người đi.</p>\r\n<p style="margin: 20px 0px 0px; padding: 0px; outline: none !important;">&nbsp;</p>\r\n<div id="attachment_94191" class="wp-caption alignnone" style="margin: 0px; padding: 0px; outline: none !important; width: 500px;"><a class="auto_fancybox" style="margin: 0px; padding: 0px; color: #363636; text-decoration: none; outline: none !important;" href="http://www.elle.vn/wp-content/uploads/2015/08/18/thoi-trang-thu-dong-2015-gucci.jpg" rel="article_gallery"><img class="wp-image-94191 size-medium" style="margin: 0px auto; padding: 0px; height: auto; vertical-align: middle; border: none; max-width: 490px !important; outline: none !important; display: block;" title="Gi&agrave;y thời trang thu đ&ocirc;ng 2015 Gucci" src="http://www.elle.vn/wp-content/uploads/2015/08/18/thoi-trang-thu-dong-2015-gucci-490x540.jpg" alt="Gi&agrave;y thời trang thu đ&ocirc;ng 2015 Gucci" width="490" height="540" /></a>\r\n<p class="wp-caption-text" style="margin: 0px; padding: 4px 4px 5px; outline: none !important; font-style: italic; font-size: 13px; line-height: 17px; text-align: center;">Kiểu gi&agrave;y lười đ&igrave;nh đ&aacute;m của Gucci trong BST thời trang Thu-Đ&ocirc;ng 2015</p>\r\n</div>\r\n<p style="margin: 20px 0px 0px; padding: 0px; outline: none !important;"><strong style="margin: 0px; padding: 0px; outline: none !important;">3. T&uacute;i Dionysus của Gucci</strong></p>\r\n<p style="margin: 20px 0px 0px; padding: 0px; outline: none !important;">Vốn l&agrave; NTK chuy&ecirc;n thiết kế phụ kiện cho Gucci trước đ&acirc;y, NTK&nbsp;Alessandro Michele tiếp tục chứng tỏ thế mạnh v&agrave; kinh nghiệm sẵn c&oacute; của m&igrave;nh khi ra mắt kiểu t&uacute;i ho&agrave;n to&agrave;n mới: Dionysus. Với biểu tượng kh&oacute;a h&igrave;nh đầu hổ v&agrave; d&acirc;y đeo dạng x&iacute;ch tiện lợi, bạn c&oacute; thể dễ d&agrave;ng đổi từ kiểu shoulder bag sang cross-body bag. Chiếc t&uacute;i Dionysus được sản xuất với nhiều chất liệu kh&aacute;c nhau như da c&aacute; sấu, da b&aacute;o v&agrave; cả những họa tiết th&ecirc;u thủ c&ocirc;ng bằng tay rất tỉ mỉ v&agrave; tinh tế.</p>\r\n<p style="margin: 20px 0px 0px; padding: 0px; outline: none !important;">&nbsp;</p>\r\n<div id="attachment_94192" class="wp-caption alignnone" style="margin: 0px; padding: 0px; outline: none !important; width: 500px;"><a class="auto_fancybox" style="margin: 0px; padding: 0px; color: #363636; text-decoration: none; outline: none !important;" href="http://www.elle.vn/wp-content/uploads/2015/08/18/thoi-trang-thu-dong-2015-gucci-bag.jpg" rel="article_gallery"><img class="wp-image-94192 size-medium" style="margin: 0px auto; padding: 0px; height: auto; vertical-align: middle; border: none; max-width: 490px !important; outline: none !important; display: block;" title="T&uacute;i thời trang thu đ&ocirc;ng 2015 Gucci" src="http://www.elle.vn/wp-content/uploads/2015/08/18/thoi-trang-thu-dong-2015-gucci-bag-490x449.jpg" alt="T&uacute;i thời trang thu đ&ocirc;ng 2015 Gucci" width="490" height="449" /></a>\r\n<p class="wp-caption-text" style="margin: 0px; padding: 4px 4px 5px; font-style: italic; font-size: 13px; line-height: 17px; outline: none !important;">Kiểu t&uacute;i Dionysus của Gucci được th&ecirc;u đ&iacute;nh tỉ mỉ</p>\r\n</div>\r\n<p style="margin: 20px 0px 0px; padding: 0px; outline: none !important;"><strong style="margin: 0px; padding: 0px; outline: none !important;">4. T&uacute;i Chlo&eacute; Faye</strong></p>\r\n<p style="margin: 20px 0px 0px; padding: 0px; outline: none !important;">Sau th&agrave;nh c&ocirc;ng của The Faye Bag trong những m&ugrave;a trước, trong BST thời trang Thu-Đ&ocirc;ng 2015, Chlo&eacute; tiếp tục&nbsp;l&agrave;m mới&nbsp;kiểu t&uacute;i n&agrave;y bằng c&aacute;ch&nbsp;kết hợp sự&nbsp;thanh lịch trẻ trung v&agrave; phong c&aacute;ch bohemian quen thuộc của Chlo&eacute;. Cũng như những sản phẩm kh&aacute;c, The Faye Bag được thiết kế với nhiều chất liệu kh&aacute;c nhau như da lộn, da d&ecirc; hay da c&aacute; sấu, ph&ugrave; hợp v&agrave; dễ d&agrave;ng sử dụng&nbsp; cho nhiều dịp kh&aacute;c nhau.</p>\r\n<p style="margin: 20px 0px 0px; padding: 0px; outline: none !important;">&nbsp;</p>\r\n<div id="attachment_94193" class="wp-caption alignnone" style="margin: 0px; padding: 0px; outline: none !important; width: 500px;"><a class="auto_fancybox" style="margin: 0px; padding: 0px; color: #363636; text-decoration: none; outline: none !important;" href="http://www.elle.vn/wp-content/uploads/2015/08/18/thoi-trang-thu-dong-2015-chloe.jpg" rel="article_gallery"><img class="wp-image-94193 size-medium" style="margin: 0px auto; padding: 0px; height: auto; vertical-align: middle; border: none; max-width: 490px !important; outline: none !important; display: block;" title="T&uacute;i thời trang thu đ&ocirc;ng 2015 Chloe" src="http://www.elle.vn/wp-content/uploads/2015/08/18/thoi-trang-thu-dong-2015-chloe-490x428.jpg" alt="T&uacute;i thời trang thu đ&ocirc;ng 2015 Chloe" width="490" height="428" /></a>\r\n<p class="wp-caption-text" style="margin: 0px; padding: 4px 4px 5px; outline: none !important; font-style: italic; font-size: 13px; line-height: 17px; text-align: center;">T&uacute;i The Faye Bag của Chloe</p>\r\n</div>\r\n<p style="margin: 20px 0px 0px; padding: 0px; outline: none !important;"><strong style="margin: 0px; padding: 0px; outline: none !important;">5. Gi&agrave;y Chanel capped-toe Slingback</strong></p>\r\n<p style="margin: 20px 0px 0px; padding: 0px; outline: none !important;">C&aacute;c fashionista đ&atilde; kh&ocirc;ng c&ograve;n lạ g&igrave; với những đ&ocirc;i gi&agrave;y kiểu toe capped quen thuộc của thương hiệu Chanel. Tr&ecirc;n s&agrave;n diễn Chanel Thu-Đ&ocirc;ng 2015, đ&ocirc;i Slingback được phối với hầu hết c&aacute;c bộ trang phục lấy cảm hứng những năm 90. Với kiểu d&aacute;ng đơn giản kết hợp giữa mũi gi&agrave;y đen v&agrave; m&agrave;u be quen thuộc của Chanel, đ&ocirc;i Slingback hứa hẹn sẽ l&agrave; một trong những m&oacute;n phụ kiện hot nhất của m&ugrave;a thời trang&nbsp;Thu-Đ&ocirc;ng năm nay.</p>\r\n<p style="margin: 20px 0px 0px; padding: 0px; outline: none !important;">&nbsp;</p>\r\n<div id="attachment_94194" class="wp-caption alignnone" style="margin: 0px; padding: 0px; outline: none !important; width: 500px;"><a class="auto_fancybox" style="margin: 0px; padding: 0px; color: #363636; text-decoration: none; outline: none !important;" href="http://www.elle.vn/wp-content/uploads/2015/08/18/thoi-trang-thu-dong-2015-chanel.jpg" rel="article_gallery"><img class="wp-image-94194 size-medium" style="margin: 0px auto; padding: 0px; height: auto; vertical-align: middle; border: none; max-width: 490px !important; outline: none !important; display: block;" title="Gi&agrave;y thời trang thu đ&ocirc;ng 2015 Chanel" src="http://www.elle.vn/wp-content/uploads/2015/08/18/thoi-trang-thu-dong-2015-chanel-490x779.jpg" alt="Gi&agrave;y thời trang thu đ&ocirc;ng 2015 Chanel" width="490" height="779" /></a>\r\n<p class="wp-caption-text" style="margin: 0px; padding: 4px 4px 5px; outline: none !important; font-style: italic; font-size: 13px; line-height: 17px; text-align: center;">Kiểu gi&agrave;y capped-toe slingback của Chanel tr&ecirc;n s&agrave;n diễn thời trang Thu-Đ&ocirc;ng 2015</p>\r\n</div>\r\n<p style="margin: 20px 0px 0px; padding: 0px; outline: none !important;"><strong style="margin: 0px; padding: 0px; outline: none !important;">6. V&ograve;ng cổ ngọc trai Stella McCartney</strong></p>\r\n<p style="margin: 20px 0px 0px; padding: 0px; outline: none !important;">Những chuỗi ngọc trai cổ điển đ&atilde; được Stella McCartney kh&eacute;o l&eacute;o đưa v&agrave;o s&agrave;n diễn Thu-Đ&ocirc;ng 2015 một c&aacute;ch ho&agrave;n to&agrave;n mới lạ, rất hiện đại bằng c&aacute;ch tạo h&igrave;nh đầy s&aacute;ng tạo. V&ograve;ng chuỗi ngọc trai được đeo lệch sang một b&ecirc;n, &nbsp;kết hơp với chiếc v&aacute;y đen quyến rũ&nbsp;gợi nhớ đến vẻ đẹp cổ điển của Audrey Hepburn trong bộ phim Breakfast at Tiffany như trẻ trung v&agrave; mới mẻ hơn rất nhiều.</p>\r\n<p style="margin: 20px 0px 0px; padding: 0px; outline: none !important;">&nbsp;</p>\r\n<div id="attachment_94195" class="wp-caption alignnone" style="margin: 0px; padding: 0px; outline: none !important; width: 500px;"><a class="auto_fancybox" style="margin: 0px; padding: 0px; color: #363636; text-decoration: none; outline: none !important;" href="http://www.elle.vn/wp-content/uploads/2015/08/18/Thoi-trang-thu-dong-2015-stella-mccartney.jpg" rel="article_gallery"><img class="wp-image-94195 size-medium" style="margin: 0px auto; padding: 0px; height: auto; vertical-align: middle; border: none; max-width: 490px !important; outline: none !important; display: block;" title="V&ograve;ng cổ thời trang thu đ&ocirc;ng 2015 Stella Mccartney" src="http://www.elle.vn/wp-content/uploads/2015/08/18/Thoi-trang-thu-dong-2015-stella-mccartney-490x734.jpg" alt="V&ograve;ng cổ thời trang thu đ&ocirc;ng 2015 Stella Mccartney" width="490" height="734" /></a>\r\n<p class="wp-caption-text" style="margin: 0px; padding: 4px 4px 5px; outline: none !important; font-style: italic; font-size: 13px; line-height: 17px; text-align: center;">C&aacute;ch đeo v&ograve;ng cổ ngọc trai đầy s&aacute;ng tạo của Stella McCartney</p>\r\n</div>\r\n<p style="margin: 20px 0px 0px; padding: 0px; outline: none !important;"><strong style="margin: 0px; padding: 0px; outline: none !important;">7. Băng đ&ocirc; bằng da của Proenza Schouler</strong></p>\r\n<p style="margin: 20px 0px 0px; padding: 0px; outline: none !important;">Kh&ocirc;ng qu&aacute; cầu kỳ cũng kh&ocirc;ng qu&aacute; ph&ocirc; trương, những những chiếc băng đ&ocirc; m&agrave;u đen của Proenza Schouler thu h&uacute;t người xem bởi sự c&aacute; t&iacute;nh, mạnh mẽ nhờ chất liệu da đen mạnh mẽ, tạo điểm nhấn cho m&aacute;i t&oacute;c được tạo kiểu đơn giản mang&nbsp;hơi hướng&nbsp;của những năm 1940.</p>\r\n<p style="margin: 20px 0px 0px; padding: 0px; outline: none !important;">&nbsp;</p>\r\n<div id="attachment_94196" class="wp-caption alignnone" style="margin: 0px; padding: 0px; outline: none !important; width: 500px;"><a class="auto_fancybox" style="margin: 0px; padding: 0px; color: #363636; text-decoration: none; outline: none !important;" href="http://www.elle.vn/wp-content/uploads/2015/08/18/thoi-trang-thu-dong-2015-proenza-schouler.jpg" rel="article_gallery"><img class="wp-image-94196 size-medium" style="margin: 0px auto; padding: 0px; height: auto; vertical-align: middle; border: none; max-width: 490px !important; outline: none !important; display: block;" title="Kiểu băng đ&ocirc; mạnh mẽ của Proenza Schouler" src="http://www.elle.vn/wp-content/uploads/2015/08/18/thoi-trang-thu-dong-2015-proenza-schouler-490x392.jpg" alt="Kiểu băng đ&ocirc; mạnh mẽ của Proenza Schouler" width="490" height="392" /></a>\r\n<p class="wp-caption-text" style="margin: 0px; padding: 4px 4px 5px; outline: none !important; font-style: italic; font-size: 13px; line-height: 17px; text-align: center;">Kiểu băng đ&ocirc; mạnh mẽ của Proenza Schouler</p>\r\n</div>\r\n<p style="margin: 20px 0px 0px; padding: 0px; outline: none !important;"><strong style="margin: 0px; padding: 0px; outline: none !important;">8. Bốt cao cổ Loewe</strong></p>\r\n<p style="margin: 20px 0px 0px; padding: 0px; outline: none !important;">Nếu bạn đang t&igrave;m cho m&igrave;nh một m&oacute;n đồ th&iacute;ch hợp cho những ng&agrave;y Đ&ocirc;ng sắp tới,&nbsp; chắc chắn đ&ocirc;i ankle bốt với ba sọc m&agrave;u kh&aacute;c nhau của Loewe m&ugrave;a Thu-Đ&ocirc;ng 2015 sẽ l&agrave;m bạn h&agrave;i l&ograve;ng. Lấy cảm hứng từ phong c&aacute;ch của những c&ocirc; n&agrave;ng tiệc t&ugrave;ng miền Đ&ocirc;ng &Acirc;u những năm hậu X&ocirc; Viết, nh&agrave; thiết kế J.W. Anderson đ&atilde;&nbsp;s&aacute;ng tạo n&ecirc;n kiểu bốt quen thuộc nhưng vẫn mới mẻ với phần g&oacute;t tr&ograve;n v&ocirc; c&ugrave;ng chắc chắn.</p>\r\n<div id="attachment_94197" class="wp-caption alignnone" style="margin: 0px; padding: 0px; outline: none !important; width: 500px;"><a class="auto_fancybox" style="margin: 0px; padding: 0px; color: #363636; text-decoration: none; outline: none !important;" href="http://www.elle.vn/wp-content/uploads/2015/08/18/thoi-trang-thu-dong-2015-loewe.jpg" rel="article_gallery"><img class="wp-image-94197 size-medium" style="margin: 0px auto; padding: 0px; height: auto; vertical-align: middle; border: none; max-width: 490px !important; outline: none !important; display: block;" title="Gi&agrave;y thời trang thu đ&ocirc;ng 2015 Loewe" src="http://www.elle.vn/wp-content/uploads/2015/08/18/thoi-trang-thu-dong-2015-loewe-490x490.jpg" alt="Gi&agrave;y thời trang thu đ&ocirc;ng 2015 Loewe" width="490" height="490" /></a>\r\n<p class="wp-caption-text" style="margin: 0px; padding: 4px 4px 5px; outline: none !important; font-style: italic; font-size: 13px; line-height: 17px; text-align: center;">Gi&agrave;y bốt Thu-Đ&ocirc;ng 2015 của Loewe</p>\r\n</div>\r\n<p style="margin: 20px 0px 0px; padding: 0px; outline: none !important;"><strong style="margin: 0px; padding: 0px; outline: none !important;">9. T&uacute;i x&aacute;ch Saint Laurent</strong></p>\r\n<p style="margin: 20px 0px 0px; padding: 0px; outline: none !important;">Kiểu t&uacute;i Betty được đặt theo t&ecirc;n của n&agrave;ng thơ Betty Catroux v&agrave; cũng l&agrave; một người bạn th&acirc;n của Yves Saint Laurent. Phi&ecirc;n bản mới của t&uacute;i Betty m&ugrave;a Thu-Đ&ocirc;ng 2015 được in h&igrave;nh thỏi son đỏ tr&ecirc;n nền đen khi xuất hiện tr&ecirc;n s&agrave;n diễn đ&atilde; h&uacute;t hồn kh&ocirc;ng &iacute;t những người y&ecirc;u thời trang bởi sự trẻ trung v&agrave; đ&aacute;ng y&ecirc;u tinh nghịch.</p>\r\n<div id="attachment_94198" class="wp-caption alignnone" style="margin: 0px; padding: 0px; outline: none !important; width: 500px;"><a class="auto_fancybox" style="margin: 0px; padding: 0px; color: #363636; text-decoration: none; outline: none !important;" href="http://www.elle.vn/wp-content/uploads/2015/08/18/thoi-trang-thu-dong-2015-saint-laurent.jpg" rel="article_gallery"><img class="wp-image-94198 size-medium" style="margin: 0px auto; padding: 0px; height: auto; vertical-align: middle; border: none; max-width: 490px !important; outline: none !important; display: block;" title="T&uacute;i x&aacute;ch Betty phi&ecirc;n bản thời trang Thu Đ&ocirc;ng 2015 của saint laurent" src="http://www.elle.vn/wp-content/uploads/2015/08/18/thoi-trang-thu-dong-2015-saint-laurent-e1440489835832-490x455.jpg" alt="T&uacute;i x&aacute;ch Betty phi&ecirc;n bản thời trang Thu Đ&ocirc;ng 2015 của saint laurent" width="490" height="455" /></a>\r\n<p class="wp-caption-text" style="margin: 0px; padding: 4px 4px 5px; outline: none !important; font-style: italic; font-size: 13px; line-height: 17px; text-align: center;">T&uacute;i x&aacute;ch Betty phi&ecirc;n bản Thu-Đ&ocirc;ng 2015</p>\r\n</div>\r\n<p style="margin: 20px 0px 0px; padding: 0px; outline: none !important;"><strong style="margin: 0px; padding: 0px; outline: none !important;">10. &Aacute;o l&oacute;t ren Alexander McQueen</strong></p>\r\n<p style="margin: 20px 0px 0px; padding: 0px; outline: none !important;">Một chiếc &aacute;o l&oacute;t c&aacute;ch điệu kết hợp từ ren v&agrave; da, tại sao kh&ocirc;ng? NTK Sarah Burton kh&ocirc;ng dừng ở đ&oacute; m&agrave; kh&eacute;o l&eacute;o d&ugrave;ng chất liệu ren k&eacute;o cao l&ecirc;n cổ tạo th&agrave;nh chiếc v&ograve;ng choker, vừa c&aacute; t&iacute;nh, vừa quyến rũ người xem.</p>\r\n<p style="margin: 20px 0px 0px; padding: 0px; outline: none !important;">&nbsp;</p>\r\n<div id="attachment_94199" class="wp-caption alignnone" style="margin: 0px; padding: 0px; outline: none !important; width: 500px;"><a class="auto_fancybox" style="margin: 0px; padding: 0px; color: #363636; text-decoration: none; outline: none !important;" href="http://www.elle.vn/wp-content/uploads/2015/08/18/thoi-trang-thu-dog-2015-alexander-mcqueen2.jpg" rel="article_gallery"><img class="wp-image-94199 size-medium" style="margin: 0px auto; padding: 0px; height: auto; vertical-align: middle; border: none; max-width: 490px !important; outline: none !important; display: block;" title="&Aacute;o l&oacute;t ren gợi gảm v&agrave; nữ t&iacute;nh của Alexander McQueen" src="http://www.elle.vn/wp-content/uploads/2015/08/18/thoi-trang-thu-dog-2015-alexander-mcqueen2-490x735.jpg" alt="&Aacute;o l&oacute;t ren gợi gảm v&agrave; nữ t&iacute;nh của Alexander McQueen" width="490" height="735" /></a>\r\n<p class="wp-caption-text" style="margin: 0px; padding: 4px 4px 5px; outline: none !important; font-style: italic; font-size: 13px; line-height: 17px; text-align: center;">&Aacute;o l&oacute;t ren gợi gảm v&agrave; nữ t&iacute;nh của Alexander McQueen</p>\r\n</div>\r\n<div id="attachment_94200" class="wp-caption alignnone" style="margin: 0px; padding: 0px; outline: none !important; width: 500px;"><a class="auto_fancybox" style="margin: 0px; padding: 0px; color: #363636; text-decoration: none; outline: none !important;" href="http://www.elle.vn/wp-content/uploads/2015/08/18/thoi-trang-thu-dong-2015-alexander-mcqueen.jpg" rel="article_gallery"><img class="wp-image-94200 size-medium" style="margin: 0px auto; padding: 0px; height: auto; vertical-align: middle; border: none; max-width: 490px !important; outline: none !important; display: block;" title="Trang điểm phong c&aacute;ch Thu-Đ&ocirc;ng 2015" src="http://www.elle.vn/wp-content/uploads/2015/08/18/thoi-trang-thu-dong-2015-alexander-mcqueen-490x735.jpg" alt="thoi-trang-thu-dong-2015-alexander-mcqueen" width="490" height="735" /></a>\r\n<p class="wp-caption-text" style="margin: 0px; padding: 4px 4px 5px; outline: none !important; font-style: italic; font-size: 13px; line-height: 17px; text-align: center;">Trang điểm phong c&aacute;ch Thu-Đ&ocirc;ng 2015</p>\r\n</div>\r\n</div>', 'Những mẫu phụ kiện đỉnh nhất từ sàn diễn thời trang Thu-Đông 2015 đang dần được đưa lên kệ, đánh dấu một mùa thời trang, một mùa mua sắm mới lại bắt đầu.', 1, '2015-08-26 18:59:16', '2015-08-26 18:59:16'),
(3, '10 mẫu ba lô hàng hiệu được ưa chuộng', 'ava55de6fb7da074.jpg', '<div class="article-details-desc" style="margin: 0px 0px 20px; padding: 0px; font-style: italic; color: #363636; font-family: Helveticaworld, Helvetica, ''Helvetica Neue'', Arial; font-size: 15px; line-height: 20px; outline: none !important;">\r\n<p style="margin: 0px; padding: 0px; outline: none !important;">M&oacute;n phụ kiện kh&ocirc;ng thể thiếu cho xu hướng thời trang năm nay ch&iacute;nh l&agrave; những chiếc ba l&ocirc; h&agrave;ng hiệu.</p>\r\n</div>\r\n<div class="article-details-main-content" style="margin: 0px; padding: 0px; color: #363636; font-family: Helveticaworld, Helvetica, ''Helvetica Neue'', Arial; font-size: 15px; line-height: 20px; outline: none !important;">\r\n<p style="margin: 20px 0px 0px; padding: 0px; outline: none !important;">Nhất l&agrave; khi kết hợp với c&aacute;c phong c&aacute;ch thời trang d&ugrave; l&agrave; nhẹ nh&agrave;ng, điệu đ&agrave;&nbsp;hay l&agrave; unisex c&aacute; t&iacute;nh th&igrave; những chiếc ba l&ocirc; đeo tr&ecirc;n vai g&oacute;p phần mang lại sự trẻ trung, năng động tr&ecirc;n phố.</p>\r\n<p style="margin: 20px 0px 0px; padding: 0px; outline: none !important;">&nbsp;</p>\r\n<div id="attachment_93943" class="wp-caption alignnone" style="margin: 0px; padding: 0px; outline: none !important; width: 500px;"><a class="auto_fancybox" style="margin: 0px; padding: 0px; color: #363636; text-decoration: none; outline: none !important;" href="http://www.elle.vn/wp-content/uploads/2015/08/08/ba-lo-hang-hieu-cover.jpg" rel="article_gallery"><img class="wp-image-93943 size-medium" style="margin: 0px auto; padding: 0px; height: auto; vertical-align: middle; border: none; max-width: 490px !important; outline: none !important; display: block;" title="Phong c&aacute;ch, năng động với ba l&ocirc; h&agrave;ng hiệu" src="http://www.elle.vn/wp-content/uploads/2015/08/08/ba-lo-hang-hieu-cover-490x367.jpg" alt="Phong c&aacute;ch, năng động với ba l&ocirc; h&agrave;ng hiệu" width="490" height="367" /></a>\r\n<p class="wp-caption-text" style="margin: 0px; padding: 4px 4px 5px; outline: none !important; font-style: italic; font-size: 13px; line-height: 17px; text-align: center;">Phong c&aacute;ch, năng động với ba l&ocirc; h&agrave;ng hiệu</p>\r\n</div>\r\n<p style="margin: 20px 0px 0px; padding: 0px; outline: none !important;">C&ugrave;ng ELLE xem qua 10 mẫu ba l&ocirc; h&agrave;ng hiệu đang được y&ecirc;u th&iacute;ch hiện nay.</p>\r\n<p style="margin: 20px 0px 0px; padding: 0px; outline: none !important;"><strong style="margin: 0px; padding: 0px; outline: none !important;">1. Marly leather backpack &ndash; Michael Kors</strong></p>\r\n<p style="margin: 20px 0px 0px; padding: 0px; outline: none !important;">Với kiểu d&aacute;ng đơn giản, m&agrave;u xanh đen trung t&iacute;nh,&nbsp;Marly leather backpack &ndash; Michael Kors dễ kết hợp c&aacute;c trang phục với nhiều phong c&aacute;ch kh&aacute;c nhau.</p>\r\n<div id="attachment_92869" class="wp-caption aligncenter" style="margin: 0px auto; padding: 0px; width: 415px; outline: none !important;"><a class="auto_fancybox" style="margin: 0px; padding: 0px; color: #363636; text-decoration: none; outline: none !important;" href="http://www.elle.vn/wp-content/uploads/2015/08/07/10-mau-ba-lo-hang-hieu-duoc-ua-chuong-ellevn-1.jpg" rel="article_gallery"><img class="wp-image-92869 " style="margin: 0px auto; padding: 0px; height: auto; vertical-align: middle; border: none; max-width: 490px !important; outline: none !important; display: block;" src="http://www.elle.vn/wp-content/uploads/2015/08/07/10-mau-ba-lo-hang-hieu-duoc-ua-chuong-ellevn-1-e1439811620995-490x543.jpg" alt="1. Marly Leather Backpack - Michael Kors" width="405" height="449" /></a>\r\n<p class="wp-caption-text" style="margin: 0px; padding: 4px 4px 5px; outline: none !important; font-style: italic; font-size: 13px; line-height: 17px; text-align: center;">1. Marly Leather Backpack &ndash; Michael Kors</p>\r\n</div>\r\n<p style="margin: 20px 0px 0px; padding: 0px; outline: none !important;"><strong style="margin: 0px; padding: 0px; outline: none !important;">2. Metal Bar backpack &ndash; ASOS</strong></p>\r\n<p style="margin: 20px 0px 0px; padding: 0px; outline: none !important;">Chiếc ba l&ocirc; h&agrave;ng hiệu Metal Bar Backpack của h&atilde;ng ASOS c&oacute; thiết kế tối giản với&nbsp;m&agrave;u nude nhẹ nh&agrave;ng đem lại vẻ sang trọng v&agrave; tinh tế cho người sử dụng. Bạn c&oacute; thể phối với những bộ đồ thanh lịch, trẻ trung.</p>\r\n<p style="margin: 20px 0px 0px; padding: 0px; outline: none !important;">&nbsp;</p>\r\n<div id="attachment_92871" class="wp-caption alignnone" style="margin: 0px; padding: 0px; outline: none !important; width: 500px;"><a class="auto_fancybox" style="margin: 0px; padding: 0px; color: #363636; text-decoration: none; outline: none !important;" href="http://www.elle.vn/wp-content/uploads/2015/08/07/10-mau-ba-lo-hang-hieu-duoc-ua-chuong-ellevn-2.jpg" rel="article_gallery"><img class="wp-image-92871 size-medium" style="margin: 0px auto; padding: 0px; height: auto; vertical-align: middle; border: none; max-width: 490px !important; outline: none !important; display: block;" src="http://www.elle.vn/wp-content/uploads/2015/08/07/10-mau-ba-lo-hang-hieu-duoc-ua-chuong-ellevn-2-e1439811708337-490x475.jpg" alt="2. Metal Bar Backpack - ASOS" width="490" height="475" /></a>\r\n<p class="wp-caption-text" style="margin: 0px; padding: 4px 4px 5px; outline: none !important; font-style: italic; font-size: 13px; line-height: 17px; text-align: center;">2. Metal Bar Backpack &ndash; ASOS</p>\r\n</div>\r\n<p style="margin: 20px 0px 0px; padding: 0px; outline: none !important;"><strong style="margin: 0px; padding: 0px; outline: none !important;">3. Lady Like Backpack &ndash; Zara</strong></p>\r\n<p style="margin: 20px 0px 0px; padding: 0px; outline: none !important;">Mẫu ba l&ocirc; Lady Like Backpack được Zara thiết kế với m&agrave;u xanh pastel ngọt ng&agrave;o, kiểu d&aacute;ng đơn giản ph&ugrave; hợp với t&iacute;nh c&aacute;ch nữ t&iacute;nh của c&aacute;c bạn. Đồng thời, đ&acirc;y cũng l&agrave; m&oacute;n phụ kiện dễ thương cho c&aacute;c t&iacute;n đồ thời trang y&ecirc;u m&agrave;u pastel v&agrave; phong c&aacute;ch dịu d&agrave;ng, đ&aacute;ng y&ecirc;u.</p>\r\n<p style="margin: 20px 0px 0px; padding: 0px; outline: none !important;">&nbsp;</p>\r\n<div id="attachment_92872" class="wp-caption alignnone" style="margin: 0px; padding: 0px; outline: none !important; width: 500px;"><a class="auto_fancybox" style="margin: 0px; padding: 0px; color: #363636; text-decoration: none; outline: none !important;" href="http://www.elle.vn/wp-content/uploads/2015/08/07/10-mau-ba-lo-hang-hieu-duoc-ua-chuong-ellevn-3-e1439811765499.jpg" rel="article_gallery"><img class="wp-image-92872 size-medium" style="margin: 0px auto; padding: 0px; height: auto; vertical-align: middle; border: none; max-width: 490px !important; outline: none !important; display: block;" src="http://www.elle.vn/wp-content/uploads/2015/08/07/10-mau-ba-lo-hang-hieu-duoc-ua-chuong-ellevn-3-e1439811765499-490x322.jpg" alt="3. Lady Like Packpack - Zara" width="490" height="322" /></a>\r\n<p class="wp-caption-text" style="margin: 0px; padding: 4px 4px 5px; outline: none !important; font-style: italic; font-size: 13px; line-height: 17px; text-align: center;">3. Lady Like Packpack &ndash; Zara</p>\r\n</div>\r\n<p style="margin: 20px 0px 0px; padding: 0px; outline: none !important;"><strong style="margin: 0px; padding: 0px; outline: none !important;">4. Leather Bucket Backpack &ndash; Zara</strong></p>\r\n<p style="margin: 20px 0px 0px; padding: 0px; outline: none !important;">Ba l&ocirc; dạng t&uacute;i r&uacute;t bucket n&agrave;y l&agrave; m&oacute;n đồ t&acirc;m điểm của Zara vừa qua. Vừa c&oacute; thể kết hợp như chiếc ba l&ocirc;, vừa giống dạng&nbsp;<a style="margin: 0px; padding: 0px; color: #363636; text-decoration: none; outline: none !important;" title="5 l&yacute; do bạn n&ecirc;n sở hữu t&uacute;i x&aacute;ch thời trang Bucket bag" href="http://www.elle.vn/xu-huong-phong-cach/5-ly-do-ban-nen-so-huu-tui-xach-thoi-trang-bucket-bag" target="_blank">t&uacute;i bucket đang l&ecirc;n ng&ocirc;i hiện nay</a>. M&agrave;u đen quen thuộc sẽ gi&uacute;p bạn dễ d&agrave;ng lựa chọn trang phục cho m&igrave;nh từ đi chơi, dạo phố hay đi l&agrave;m.</p>\r\n<p style="margin: 20px 0px 0px; padding: 0px; outline: none !important;">&nbsp;</p>\r\n<div id="attachment_92873" class="wp-caption alignnone" style="margin: 0px; padding: 0px; outline: none !important; width: 500px;"><a class="auto_fancybox" style="margin: 0px; padding: 0px; color: #363636; text-decoration: none; outline: none !important;" href="http://www.elle.vn/wp-content/uploads/2015/08/07/10-mau-ba-lo-hang-hieu-duoc-ua-chuong-ellevn-4.jpg" rel="article_gallery"><img class="size-medium wp-image-92873" style="margin: 0px auto; padding: 0px; height: auto; vertical-align: middle; border: none; max-width: 490px !important; outline: none !important; display: block;" src="http://www.elle.vn/wp-content/uploads/2015/08/07/10-mau-ba-lo-hang-hieu-duoc-ua-chuong-ellevn-4-490x489.jpg" alt="4. Leather Bucket Backpack - Zara" width="490" height="489" /></a>\r\n<p class="wp-caption-text" style="margin: 0px; padding: 4px 4px 5px; outline: none !important; font-style: italic; font-size: 13px; line-height: 17px; text-align: center;">4. Leather Bucket Backpack &ndash; Zara</p>\r\n</div>\r\n<p style="margin: 20px 0px 0px; padding: 0px; outline: none !important;"><strong style="margin: 0px; padding: 0px; outline: none !important;">5. Pashli Backpack &ndash; 3.1 Phillip Lim</strong></p>\r\n<p style="margin: 20px 0px 0px; padding: 0px; outline: none !important;">Kh&ocirc;ng k&eacute;m cạnh c&aacute;c nh&atilde;n h&agrave;ng kh&aacute;c, Phillip Lim cho ra d&ograve;ng sản phẩm ba l&ocirc; với thiết kế quen thuộc như những chiếc t&uacute;i x&aacute;ch cộp m&aacute;c của m&igrave;nh. Chiếc ba l&ocirc; chỉ kh&aacute;c với t&uacute;i x&aacute;ch ở đặc điểm quai đeo, v&agrave; phần m&agrave;u sắc cũng đa dạng cho sự lựa chọn của bạn.</p>\r\n<p style="margin: 20px 0px 0px; padding: 0px; outline: none !important;">&nbsp;</p>\r\n<div id="attachment_92874" class="wp-caption alignnone" style="margin: 0px; padding: 0px; outline: none !important; width: 500px;"><a class="auto_fancybox" style="margin: 0px; padding: 0px; color: #363636; text-decoration: none; outline: none !important;" href="http://www.elle.vn/wp-content/uploads/2015/08/07/10-mau-ba-lo-hang-hieu-duoc-ua-chuong-ellevn-5.jpg" rel="article_gallery"><img class="size-medium wp-image-92874" style="margin: 0px auto; padding: 0px; height: auto; vertical-align: middle; border: none; max-width: 490px !important; outline: none !important; display: block;" src="http://www.elle.vn/wp-content/uploads/2015/08/07/10-mau-ba-lo-hang-hieu-duoc-ua-chuong-ellevn-5-490x390.jpg" alt="5. Pashli Backpack - 3.1 Phillip Lim" width="490" height="390" /></a>\r\n<p class="wp-caption-text" style="margin: 0px; padding: 4px 4px 5px; outline: none !important; font-style: italic; font-size: 13px; line-height: 17px; text-align: center;">5. Pashli Backpack &ndash; 3.1 Phillip Lim</p>\r\n</div>\r\n<p style="margin: 20px 0px 0px; padding: 0px; outline: none !important;"><strong style="margin: 0px; padding: 0px; outline: none !important;">6.&nbsp;Prisma Skeletal Grey Backpack&nbsp;- Alexander Wang</strong></p>\r\n<p style="margin: 20px 0px 0px; padding: 0px; outline: none !important;">Thiết kế đơn giản với m&agrave;u x&aacute;m nhạt v&agrave; kh&oacute;a kim loại, ba l&ocirc; của Alexander Wang đem lại cho bạn sự tối giản trong c&ocirc;ng thức phối trang phục v&agrave; cảm gi&aacute;c h&agrave;i h&ograve;a với tất cả những bộ đồ bạn chọn.</p>\r\n<p style="margin: 20px 0px 0px; padding: 0px; outline: none !important;">&nbsp;</p>\r\n<div id="attachment_92875" class="wp-caption alignnone" style="margin: 0px; padding: 0px; outline: none !important; width: 500px;"><a class="auto_fancybox" style="margin: 0px; padding: 0px; color: #363636; text-decoration: none; outline: none !important;" href="http://www.elle.vn/wp-content/uploads/2015/08/07/10-mau-ba-lo-hang-hieu-duoc-ua-chuong-ellevn-6.jpg" rel="article_gallery"><img class="size-medium wp-image-92875" style="margin: 0px auto; padding: 0px; height: auto; vertical-align: middle; border: none; max-width: 490px !important; outline: none !important; display: block;" src="http://www.elle.vn/wp-content/uploads/2015/08/07/10-mau-ba-lo-hang-hieu-duoc-ua-chuong-ellevn-6-490x435.jpg" alt="6. Prisma Skeletal Grey Backpack - Alexander Wang" width="490" height="435" /></a>\r\n<p class="wp-caption-text" style="margin: 0px; padding: 4px 4px 5px; outline: none !important; font-style: italic; font-size: 13px; line-height: 17px; text-align: center;">6. Prisma Skeletal Grey Backpack &ndash; Alexander Wang</p>\r\n</div>\r\n<p style="margin: 20px 0px 0px; padding: 0px; outline: none !important;"><strong style="margin: 0px; padding: 0px; outline: none !important;">7. Premium Pony Tassel Backpack &ndash; Topshop</strong></p>\r\n<p style="margin: 20px 0px 0px; padding: 0px; outline: none !important;">Tua rua vẫn giữ độ &ldquo;hot&rdquo; trong xu thế phụ kiện năm nay, v&igrave; thế Topshop đ&atilde; nhanh ch&oacute;ng đưa chi tiết n&agrave;y v&agrave;o m&oacute;n phụ kiện kh&ocirc;ng thể thiếu cho c&aacute;c bạn. D&ugrave; l&agrave; bạn th&iacute;ch phong c&aacute;ch bụi bặm, boho hay c&aacute; t&iacute;nh, tinh nghịch th&igrave; cũng đều ph&ugrave; hợp với n&oacute;.</p>\r\n<p style="margin: 20px 0px 0px; padding: 0px; outline: none !important;">&nbsp;</p>\r\n<div id="attachment_92876" class="wp-caption aligncenter" style="margin: 0px auto; padding: 0px; width: 336px; outline: none !important;"><a class="auto_fancybox" style="margin: 0px; padding: 0px; color: #363636; text-decoration: none; outline: none !important;" href="http://www.elle.vn/wp-content/uploads/2015/08/07/10-mau-ba-lo-hang-hieu-duoc-ua-chuong-ellevn-7.jpg" rel="article_gallery"><img class=" wp-image-92876" style="margin: 0px auto; padding: 0px; height: auto; vertical-align: middle; border: none; max-width: 490px !important; outline: none !important; display: block;" src="http://www.elle.vn/wp-content/uploads/2015/08/07/10-mau-ba-lo-hang-hieu-duoc-ua-chuong-ellevn-7-490x735.jpg" alt="7. Premium Pony Tassel Backpack - Topshop" width="326" height="489" /></a>\r\n<p class="wp-caption-text" style="margin: 0px; padding: 4px 4px 5px; outline: none !important; font-style: italic; font-size: 13px; line-height: 17px; text-align: center;">7. Premium Pony Tassel Backpack &ndash; Topshop</p>\r\n</div>\r\n<p style="margin: 20px 0px 0px; padding: 0px; outline: none !important;"><strong style="margin: 0px; padding: 0px; outline: none !important;">8. Buckle Backpack &ndash; Charles and Keith</strong></p>\r\n<p style="margin: 20px 0px 0px; padding: 0px; outline: none !important;">Kiểu d&aacute;ng t&uacute;i hộp kh&ocirc;ng c&ograve;n g&igrave; xa lạ với ch&uacute;ng ta nữa, v&agrave; n&oacute; đ&atilde; được đưa v&agrave;o thiết kế của chiếc ba l&ocirc; h&agrave;ng hiệu Charles and Keith. Với t&ocirc;ng m&agrave;u trắng &ndash; đen tương phản, bạn c&oacute; thể chọn những bộ đồ đơn giản kh&ocirc;ng k&eacute;m phần thanh lịch hay l&agrave; phối với những trang phục giản dị cũng nổi bật kh&ocirc;ng k&eacute;m.</p>\r\n<p style="margin: 20px 0px 0px; padding: 0px; outline: none !important;">&nbsp;</p>\r\n<div id="attachment_92877" class="wp-caption alignnone" style="margin: 0px; padding: 0px; outline: none !important; width: 462px;"><a class="auto_fancybox" style="margin: 0px; padding: 0px; color: #363636; text-decoration: none; outline: none !important;" href="http://www.elle.vn/wp-content/uploads/2015/08/07/10-mau-ba-lo-hang-hieu-duoc-ua-chuong-ellevn-8.jpg" rel="article_gallery"><img class=" wp-image-92877" style="margin: 0px auto; padding: 0px; height: auto; vertical-align: middle; border: none; max-width: 490px !important; outline: none !important; display: block;" src="http://www.elle.vn/wp-content/uploads/2015/08/07/10-mau-ba-lo-hang-hieu-duoc-ua-chuong-ellevn-8-490x490.jpg" alt="8. Buckle Backpack - Charles and Keith" width="452" height="452" /></a>\r\n<p class="wp-caption-text" style="margin: 0px; padding: 4px 4px 5px; outline: none !important; font-style: italic; font-size: 13px; line-height: 17px; text-align: center;">8. Buckle Backpack &ndash; Charles and Keith</p>\r\n</div>\r\n<p style="margin: 20px 0px 0px; padding: 0px; outline: none !important;"><strong style="margin: 0px; padding: 0px; outline: none !important;">9. Leather Jacket Backpack &ndash; Moschino</strong></p>\r\n<p style="margin: 20px 0px 0px; padding: 0px; outline: none !important;">Moschino nổi tiếng với những thiết kế lạ mắt, m&agrave;u sắc sặc sỡ, thu h&uacute;t &aacute;nh nh&igrave;n v&agrave; g&acirc;y sự ch&uacute; &yacute; với mọi người xung quanh. V&igrave; vậy, kh&ocirc;ng phải ngạc nhi&ecirc;n khi chiếc ba l&ocirc; n&agrave;y c&oacute; kiểu d&aacute;ng lạ mắt, tr&ocirc;ng như một chiếc &aacute;o kho&aacute;c da được gấp lại tr&ecirc;n lưng. M&oacute;n phụ kiện n&agrave;y cực k&igrave; th&iacute;ch hợp phong c&aacute;ch unisex c&aacute; t&iacute;nh cũng như những bộ thời trang ph&aacute; c&aacute;ch.</p>\r\n<div id="attachment_92879" class="wp-caption alignnone" style="margin: 0px; padding: 0px; outline: none !important; width: 500px;"><a class="auto_fancybox" style="margin: 0px; padding: 0px; color: #363636; text-decoration: none; outline: none !important;" href="http://www.elle.vn/wp-content/uploads/2015/08/07/10-mau-ba-lo-hang-hieu-duoc-ua-chuong-ellevn-10.jpg" rel="article_gallery"><img class="size-medium wp-image-92879" style="margin: 0px auto; padding: 0px; height: auto; vertical-align: middle; border: none; max-width: 490px !important; outline: none !important; display: block;" src="http://www.elle.vn/wp-content/uploads/2015/08/07/10-mau-ba-lo-hang-hieu-duoc-ua-chuong-ellevn-10-490x653.jpg" alt="9. Leather Jacket Backpack - Moschino " width="490" height="653" /></a>\r\n<p class="wp-caption-text" style="margin: 0px; padding: 4px 4px 5px; outline: none !important; font-style: italic; font-size: 13px; line-height: 17px; text-align: center;">9. Leather Jacket Backpack &ndash; Moschino</p>\r\n</div>\r\n<p style="margin: 20px 0px 0px; padding: 0px; outline: none !important;"><strong style="margin: 0px; padding: 0px; outline: none !important;">10. Casual Backpack &ndash; Charles and Keith</strong></p>\r\n<p style="margin: 20px 0px 0px; padding: 0px; outline: none !important;">Cũng l&agrave; một dạng ba l&ocirc; d&aacute;ng h&igrave;nh hộp như những d&ograve;ng t&uacute;i x&aacute;ch đặc trưng của Charles and Keith. M&agrave;u đen tối giản c&ugrave;ng với kiểu d&aacute;ng sang trọng, tao nh&atilde; đ&atilde; l&agrave;m n&ecirc;n n&eacute;t thu h&uacute;t đặc biệt cho chiếc t&uacute;i n&agrave;y.</p>\r\n<p style="margin: 20px 0px 0px; padding: 0px; outline: none !important;">&nbsp;</p>\r\n<div id="attachment_92878" class="wp-caption alignnone" style="margin: 0px; padding: 0px; outline: none !important; width: 500px;"><a class="auto_fancybox" style="margin: 0px; padding: 0px; color: #363636; text-decoration: none; outline: none !important;" href="http://www.elle.vn/wp-content/uploads/2015/08/07/10-mau-ba-lo-hang-hieu-duoc-ua-chuong-ellevn-9.jpg" rel="article_gallery"><img class="size-medium wp-image-92878" style="margin: 0px auto; padding: 0px; height: auto; vertical-align: middle; border: none; max-width: 490px !important; outline: none !important; display: block;" src="http://www.elle.vn/wp-content/uploads/2015/08/07/10-mau-ba-lo-hang-hieu-duoc-ua-chuong-ellevn-9-490x490.jpg" alt="10. Casual Backpack - Charles and Keith" width="490" height="490" /></a>\r\n<p class="wp-caption-text" style="margin: 0px; padding: 4px 4px 5px; outline: none !important; font-style: italic; font-size: 13px; line-height: 17px; text-align: center;">10. Casual Backpack &ndash; Charles and Keith&mdash;</p>\r\n</div>\r\n</div>', 'Món phụ kiện không thể thiếu cho xu hướng thời trang năm nay chính là những chiếc ba lô hàng hiệu.', 1, '2015-08-26 19:02:31', '2015-08-26 19:02:31');
INSERT INTO `news` (`id`, `title`, `image`, `content`, `description`, `author_id`, `created_at`, `updated_at`) VALUES
(4, 'Thời trang Thu-Đông 2015: Patch Work', 'ava55de76582054d.jpg', '<div class="article-details-desc" style="margin: 0px 0px 20px; padding: 0px; font-style: italic; color: #363636; font-family: Helveticaworld, Helvetica, ''Helvetica Neue'', Arial; font-size: 15px; line-height: 20px; outline: none !important;">\r\n<p style="margin: 0px; padding: 0px; outline: none !important;">Những mẫu thiết kế Thu-Đ&ocirc;ng 2015 trở n&ecirc;n ấn tượng hơn khi kết hợp nghệ thuật nối r&aacute;p chất liệu da, l&ocirc;ng v&agrave; sử dụng c&aacute;c sắc m&agrave;u trầm đầy thanh lịch, gợi cho ta cảm gi&aacute;c chuyển m&ugrave;a r&otilde; rệt.</p>\r\n</div>\r\n<div class="article-details-main-content" style="margin: 0px; padding: 0px; color: #363636; font-family: Helveticaworld, Helvetica, ''Helvetica Neue'', Arial; font-size: 15px; line-height: 20px; outline: none !important;">\r\n<div id="attachment_87004" class="wp-caption alignnone" style="margin: 0px; padding: 0px; outline: none !important; width: 500px;"><a class="auto_fancybox" style="margin: 0px; padding: 0px; color: #363636; text-decoration: none; outline: none !important;" href="http://www.elle.vn/wp-content/uploads/2015/07/06/thoi-trang-thu-dong-patch-work.jpg" rel="article_gallery"><img class="wp-image-87004 size-medium" style="margin: 0px auto; padding: 0px; height: auto; vertical-align: middle; border: none; max-width: 490px !important; outline: none !important; display: block;" title="thoi trang thu dong patch work" src="http://www.elle.vn/wp-content/uploads/2015/07/06/thoi-trang-thu-dong-patch-work-490x675.jpg" alt="thoi trang thu dong patch work" width="490" height="675" /></a>\r\n<p class="wp-caption-text" style="margin: 0px; padding: 4px 4px 5px; outline: none !important; font-style: italic; font-size: 13px; line-height: 17px; text-align: center;">&Aacute;o kho&aacute;c da phối tay l&ocirc;ng EMANUEL UNGARO, &Aacute;o len cao cổ RALPH LAUREN, Ch&acirc;n v&aacute;y da EMANUEL UNGARO, Hoa tai HAUS OF TOPPER</p>\r\n</div>\r\n<p style="margin: 20px 0px 0px; padding: 0px; outline: none !important;"><strong style="margin: 0px; padding: 0px; outline: none !important;">Nhuộm m&agrave;u &aacute;o l&ocirc;ng</strong></p>\r\n<p style="margin: 20px 0px 0px; padding: 0px; outline: none !important;">Những chiếc &aacute;o kho&aacute;c bằng l&ocirc;ng dần trở th&agrave;nh m&oacute;n đồ kh&ocirc;ng thể thiếu trong m&ugrave;a Thu với nhiều thay đổi. C&aacute;c NTK kh&ocirc;ng sử dụng những t&ocirc;ng m&agrave;u cổ điển như ghi, n&acirc;u, đen m&agrave; thay bằng nhiều m&agrave;u sắc sặc sỡ hơn. Kiểu d&aacute;ng của những chiếc &aacute;o l&ocirc;ng cũng đồng thời trở n&ecirc;n v&ocirc; c&ugrave;ng phong ph&uacute;.</p>\r\n<div id="attachment_87003" class="wp-caption alignnone" style="margin: 0px; padding: 0px; outline: none !important; width: 500px;"><a class="auto_fancybox" style="margin: 0px; padding: 0px; color: #363636; text-decoration: none; outline: none !important;" href="http://www.elle.vn/wp-content/uploads/2015/07/06/thoi-trang-thu-dong-nhuom-mau-ao-long.jpg" rel="article_gallery"><img class="wp-image-87003 size-medium" style="margin: 0px auto; padding: 0px; height: auto; vertical-align: middle; border: none; max-width: 490px !important; outline: none !important; display: block;" title="thoi trang thu dong nhuom mau ao long" src="http://www.elle.vn/wp-content/uploads/2015/07/06/thoi-trang-thu-dong-nhuom-mau-ao-long-490x659.jpg" alt="thoi trang thu dong nhuom mau ao long" width="490" height="659" /></a>\r\n<p class="wp-caption-text" style="margin: 0px; padding: 4px 4px 5px; outline: none !important; font-style: italic; font-size: 13px; line-height: 17px; text-align: center;">Người mẫu: Trang phục, Trang sức BALENCIAGA. 1.3.1 PHILLIP LIM 2.HERM&Egrave;S 3.GIVENCHY 4.CHOPARD 5.CARTIER 6.CHANEL 7.BURBERRY PRORSUM 8.JASON WU 9.RALPH LAUREN 10.DIOR</p>\r\n</div>\r\n<p style="margin: 20px 0px 0px; padding: 0px; outline: none !important;"><strong style="margin: 0px; padding: 0px; outline: none !important;">&Aacute;o kho&aacute;c bomber</strong></p>\r\n<p style="margin: 20px 0px 0px; padding: 0px; outline: none !important;">Khi thời tiết chưa trở n&ecirc;n qu&aacute; lạnh, thật s&aacute;ng suốt khi bạn lựa chọn những chiếc &aacute;o kho&aacute;c mạnh mẽ như bomber jacket với c&aacute;c chất liệu kh&aacute;c nhau như da, len, nylon để kết hợp c&ugrave;ng quần leggings, đầm &ocirc;m hoặc ch&acirc;n v&aacute;y ngắn.</p>\r\n<div id="attachment_87001" class="wp-caption alignnone" style="margin: 0px; padding: 0px; outline: none !important; width: 500px;"><a class="auto_fancybox" style="margin: 0px; padding: 0px; color: #363636; text-decoration: none; outline: none !important;" href="http://www.elle.vn/wp-content/uploads/2015/07/06/thoi-trang-thu-dong-ao-khoac-bomber.jpg" rel="article_gallery"><img class="wp-image-87001 size-medium" style="margin: 0px auto; padding: 0px; height: auto; vertical-align: middle; border: none; max-width: 490px !important; outline: none !important; display: block;" title="thoi trang thu dong ao khoac bomber" src="http://www.elle.vn/wp-content/uploads/2015/07/06/thoi-trang-thu-dong-ao-khoac-bomber-490x659.jpg" alt="thoi trang thu dong ao khoac bomber" width="490" height="659" /></a>\r\n<p class="wp-caption-text" style="margin: 0px; padding: 4px 4px 5px; outline: none !important; font-style: italic; font-size: 13px; line-height: 17px; text-align: center;">Người mẫu: &Aacute;o kho&aacute;c bomber CARVEN Đầm GUCCI Bốt LAURENCE DACADE Hoa tai JVDF V&ograve;ng tay, Nhẫn JENNIFER FISHER, JVDF. 1.CHL&Oacute;E 2.STELLA MCCARTNEY 3.CARTIER 4.TOPSHOP UNIQUE 5.DIOR 6.LOUIS VUITTON 7.LANVIN 8.GUCCI 9.CHANEL</p>\r\n</div>\r\n<p style="margin: 20px 0px 0px; padding: 0px; outline: none !important;"><strong style="margin: 0px; padding: 0px; outline: none !important;">Ấm &aacute;p cashmere</strong></p>\r\n<p style="margin: 20px 0px 0px; padding: 0px; outline: none !important;">Len l&agrave; chất liệu được sử dụng phổ biến nhất cho c&aacute;c m&ugrave;a lạnh. &Aacute;o kho&aacute;c d&agrave;i bằng len cashmere v&agrave; bốt cao cổ l&agrave; những item thời thượng kh&ocirc;ng thể thiếu trong m&ugrave;a n&agrave;y.</p>\r\n<div id="attachment_87002" class="wp-caption alignnone" style="margin: 0px; padding: 0px; outline: none !important; width: 500px;"><a class="auto_fancybox" style="margin: 0px; padding: 0px; color: #363636; text-decoration: none; outline: none !important;" href="http://www.elle.vn/wp-content/uploads/2015/07/06/thoi-trang-thu-dong-cashmere.jpg" rel="article_gallery"><img class="wp-image-87002 size-medium" style="margin: 0px auto; padding: 0px; height: auto; vertical-align: middle; border: none; max-width: 490px !important; outline: none !important; display: block;" title="thoi trang thu dong cashmere" src="http://www.elle.vn/wp-content/uploads/2015/07/06/thoi-trang-thu-dong-cashmere-490x659.jpg" alt="thoi trang thu dong cashmere" width="490" height="659" /></a>\r\n<p class="wp-caption-text" style="margin: 0px; padding: 4px 4px 5px; outline: none !important; font-style: italic; font-size: 13px; line-height: 17px; text-align: center;">Người mẫu: &Aacute;o kho&aacute;c BURBERRY Đầm VALENTINO Bốt CHRISTIAN LOUBOUTIN Hoa tai LARUICCI V&ograve;ng tay, Nhẫn JENNIFER FISHER, JVDF. 1.MARC BY MARC JACOBS 2.VIVIENNE WESTWOOD 3.OMEGA 4.CHANEL 5.KENZO 6.CARVEN 7.LOUIS VUITTON 8.CHL&Oacute;E</p>\r\n</div>\r\n<p style="margin: 20px 0px 0px; padding: 0px; outline: none !important;"><strong style="margin: 0px; padding: 0px; outline: none !important;">Tinh thần mạnh mẽ</strong></p>\r\n<p style="margin: 20px 0px 0px; padding: 0px; outline: none !important;">Chất liệu vải da, da thật kh&ocirc;ng chỉ được y&ecirc;u th&iacute;ch trong thời trang Thu-Đ&ocirc;ng. Ngay cả khi kh&ocirc;ng kh&iacute; c&ograve;n rạo rực nắng H&egrave;, chất liệu n&agrave;y vẫn được nhiều nh&agrave; tạo mốt sử dụng để mang đến điểm nhấn độc đ&aacute;o cho trang phục.</p>\r\n<div id="attachment_87005" class="wp-caption alignnone" style="margin: 0px; padding: 0px; outline: none !important; width: 500px;"><a class="auto_fancybox" style="margin: 0px; padding: 0px; color: #363636; text-decoration: none; outline: none !important;" href="http://www.elle.vn/wp-content/uploads/2015/07/06/thoi-trang-thu-dong-tinh-than-manh-me.jpg" rel="article_gallery"><img class="wp-image-87005 size-medium" style="margin: 0px auto; padding: 0px; height: auto; vertical-align: middle; border: none; max-width: 490px !important; outline: none !important; display: block;" title="thoi trang thu dong tinh than manh me" src="http://www.elle.vn/wp-content/uploads/2015/07/06/thoi-trang-thu-dong-tinh-than-manh-me-490x659.jpg" alt="thoi trang thu dong tinh than manh me" width="490" height="659" /></a>\r\n<p class="wp-caption-text" style="margin: 0px; padding: 4px 4px 5px; outline: none !important; font-style: italic; font-size: 13px; line-height: 17px; text-align: center;">Người mẫu: &Aacute;o kho&aacute;c da COSTUME NATIONAL &Aacute;o len EDUN Ch&acirc;n v&aacute;y DONNA KARAN Hoa tai, Nhẫn, V&ograve;ng tay JENNIFER FISHER, JVDF. 1.OMEGA 2.SALVATORE FERRAGAMO 3.LOUIS VUITTON 4.MARNI 5.ADAM LIPPES 6.CARTIER 7.CHANEL 8.CHRISTIAN LOUBOUTIN 9.EMILIO PUCCI</p>\r\n</div>\r\n</div>', 'Những mẫu thiết kế Thu-Đông 2015 trở nên ấn tượng hơn khi kết hợp nghệ thuật nối ráp chất liệu da, lông và sử dụng các sắc màu trầm đầy thanh lịch, gợi cho ta cảm giác chuyển mùa rõ rệt.', 1, '2015-08-26 19:30:48', '2015-08-26 19:30:48'),
(5, '3 cách phối đồ độc lạ với chiếc đầm trắng đẹp', 'ava55de770d1c9d4.jpg', '<div class="article-details-desc" style="margin: 0px 0px 20px; padding: 0px; font-style: italic; color: #363636; font-family: Helveticaworld, Helvetica, ''Helvetica Neue'', Arial; font-size: 15px; line-height: 20px; outline: none !important;">\r\n<p style="margin: 0px; padding: 0px; outline: none !important;">Chiếc đầm trắng lu&ocirc;n to&aacute;t l&ecirc;n vẻ thanh tho&aacute;t, dịu d&agrave;ng v&agrave; nữ t&iacute;nh. Tuy nhi&ecirc;n, bạn cũng c&oacute; thể biến h&oacute;a v&agrave; l&agrave;m mới kiểu đầm n&agrave;y nếu biết c&aacute;ch s&aacute;ng tạo v&agrave; thử nghiệm với nhiều c&aacute;ch mix match kh&aacute;c nhau. ELLE gợi &yacute; cho bạn 3 c&aacute;ch phối đồ đẹp v&agrave; độc để thay đổi ho&agrave;n to&agrave;n vẻ đẹp thường thấy của chiếc đầm trắng.</p>\r\n</div>\r\n<div class="article-details-main-content" style="margin: 0px; padding: 0px; color: #363636; font-family: Helveticaworld, Helvetica, ''Helvetica Neue'', Arial; font-size: 15px; line-height: 20px; outline: none !important;">\r\n<p style="margin: 20px 0px 0px; padding: 0px; outline: none !important;">Nếu đ&atilde; ch&aacute;n với vẻ đẹp dịu d&agrave;ng thường thấy của chiếc đầm trắng, mời bạn tham khảo 3 c&aacute;ch phối đồ đẹp v&agrave; độc sau đ&acirc;y để biến chiếc đầm trắng đẹp trở n&ecirc;n s&agrave;nh điệu, phong c&aacute;ch v&agrave; &ldquo;ngầu&rdquo; hơn!</p>\r\n<p style="margin: 20px 0px 0px; padding: 0px; outline: none !important;"><strong style="margin: 0px; padding: 0px; outline: none !important;">1.&nbsp;Bộ suit mới</strong></p>\r\n<p style="margin: 20px 0px 0px; padding: 0px; outline: none !important;">Một trong những kiểu phối đồ ph&aacute; c&aacute;ch v&agrave; s&aacute;ng tạo được c&aacute;c fashionista y&ecirc;u th&iacute;ch l&agrave; phối đầm với&hellip; quần d&agrave;i. Với chiếc đầm trắng chiết eo cổ điển, bạn ho&agrave;n to&agrave;n c&oacute; thể phối c&ugrave;ng &ldquo;quần culotte&rdquo; đang l&agrave;m đi&ecirc;n đảo giới mộ điệu để tạo n&ecirc;n phong c&aacute;ch ho&agrave;n to&agrave;n mới, rất hiện đại, năng động v&agrave; thời thượng.</p>\r\n<p style="margin: 20px 0px 0px; padding: 0px; outline: none !important;">Bạn kh&ocirc;ng nhất thiết phải kết hợp với &aacute;o kho&aacute;c, nhưng nếu c&oacute; th&igrave; chiếc &aacute;o kho&aacute;c đ&oacute; phải c&oacute; độ d&agrave;i xấp xỉ với chiếc đầm. Bạn c&oacute; thể chọn quần c&ugrave;ng m&agrave;u trắng v&agrave; &aacute;o kho&aacute;c m&agrave;u đen.&nbsp;Điều cần lưu &yacute; l&agrave; bạn n&ecirc;n chọn đầm c&oacute; độ d&agrave;i kh&ocirc;ng qu&aacute; đầu gối hay qu&aacute; x&ograve;e, v&agrave; kiểu phối đồ n&agrave;y chỉ ph&ugrave; hợp với những bạn g&aacute;i c&oacute; v&oacute;c d&aacute;ng kh&aacute; thon thả v&agrave;o cao r&aacute;o.</p>\r\n<p style="margin: 20px 0px 0px; padding: 0px; outline: none !important;">Từ chiếc đầm trắng đơn giản sau:</p>\r\n<p style="margin: 20px 0px 0px; padding: 0px; outline: none !important;">&nbsp;</p>\r\n<div id="attachment_93118" class="wp-caption alignnone" style="margin: 0px; padding: 0px; outline: none !important; width: 500px;"><a class="auto_fancybox" style="margin: 0px; padding: 0px; color: #363636; text-decoration: none; outline: none !important;" href="http://www.elle.vn/wp-content/uploads/2015/08/11/cach-phoi-do-dep-voi-dam-trang-retro-dress-MANGO.jpg" rel="article_gallery"><img class="wp-image-93118 size-medium" style="margin: 0px auto; padding: 0px; height: auto; vertical-align: middle; border: none; max-width: 490px !important; outline: none !important; display: block;" src="http://www.elle.vn/wp-content/uploads/2015/08/11/cach-phoi-do-dep-voi-dam-trang-retro-dress-MANGO-490x685.jpg" alt="cach-phoi-do-dep-voi-dam-trang-retro-dress-MANGO" width="490" height="685" /></a>\r\n<p class="wp-caption-text" style="margin: 0px; padding: 4px 4px 5px; outline: none !important; font-style: italic; font-size: 13px; line-height: 17px; text-align: center;">Đầm Mango</p>\r\n</div>\r\n<p style="margin: 20px 0px 0px; padding: 0px; outline: none !important;">Bạn sẽ c&oacute; được:</p>\r\n<p style="margin: 20px 0px 0px; padding: 0px; outline: none !important;"><a class="auto_fancybox" style="margin: 0px; padding: 0px; color: #363636; text-decoration: none; outline: none !important;" href="http://www.elle.vn/wp-content/uploads/2015/08/11/cach-phoi-do-dep-CLASSIC-dress.jpg" rel="article_gallery"><img class="wp-image-93119 size-medium" style="margin: 0px auto; padding: 0px; height: auto; vertical-align: middle; border: none; max-width: 490px !important; outline: none !important; display: block;" src="http://www.elle.vn/wp-content/uploads/2015/08/11/cach-phoi-do-dep-CLASSIC-dress-490x692.jpg" alt="cach-phoi-do-dep-CLASSIC-dress" width="490" height="692" /></a></p>\r\n<p style="margin: 20px 0px 0px; padding: 0px; outline: none !important;">1. Đầm Mango. 2. &Aacute;o kho&aacute;c Zara. 3. Quần culotte Zara. 4. Gi&agrave;y Zara. 5. Mắt k&iacute;nh Topshop. 6, 7. Nhẫn Topshop. 8. T&uacute;i x&aacute;ch Furla.</p>\r\n<p style="margin: 20px 0px 0px; padding: 0px; outline: none !important;"><strong style="margin: 0px; padding: 0px; outline: none !important;">2. Phong c&aacute;ch Boho ph&oacute;ng kho&aacute;ng</strong></p>\r\n<p style="margin: 20px 0px 0px; padding: 0px; outline: none !important;">Đối với những chiếc đầm trắng d&agrave;i, c&oacute; tay lửng v&agrave; kiểu d&aacute;ng thướt tha, bạn c&oacute; thể th&ecirc;m &ldquo;gia vị Boho&rdquo; bằng c&aacute;ch kết hợp với &aacute;o jacket c&oacute; chiều d&agrave;i kh&ocirc;ng qu&aacute; v&ograve;ng 3, n&oacute;n v&agrave;nh rộng v&agrave; gi&agrave;y bốt đế thấp. Nếu muốn trở n&ecirc;n chic hơn nữa, h&atilde;y thử cột một dải ruy băng lụa ở cổ thay cho d&acirc;y chuyền.</p>\r\n<p style="margin: 20px 0px 0px; padding: 0px; outline: none !important;">Nguy&ecirc;n tắc cần nhớ rằng với kiểu đầm v&agrave; phong c&aacute;ch boho n&agrave;y, bạn tuyệt đối kh&ocirc;ng n&ecirc;n mang gi&agrave;y cao g&oacute;t để giữ vẻ ph&oacute;ng kho&aacute;ng v&agrave; tự nhi&ecirc;n cho bộ trang phục.</p>\r\n<p style="margin: 20px 0px 0px; padding: 0px; outline: none !important;">Từ chiếc đầm trắng như thế n&agrave;y:</p>\r\n<p style="margin: 20px 0px 0px; padding: 0px; outline: none !important;">&nbsp;</p>\r\n<div id="attachment_93120" class="wp-caption alignnone" style="margin: 0px; padding: 0px; outline: none !important; width: 500px;"><a class="auto_fancybox" style="margin: 0px; padding: 0px; color: #363636; text-decoration: none; outline: none !important;" href="http://www.elle.vn/wp-content/uploads/2015/08/11/cach-phoi-do-dep-voi-dam-trang-boho-dress-MANGO.jpg" rel="article_gallery"><img class="wp-image-93120 size-medium" style="margin: 0px auto; padding: 0px; height: auto; vertical-align: middle; border: none; max-width: 490px !important; outline: none !important; display: block;" src="http://www.elle.vn/wp-content/uploads/2015/08/11/cach-phoi-do-dep-voi-dam-trang-boho-dress-MANGO-490x685.jpg" alt="cach-phoi-do-dep-voi-dam-trang-boho-dress-MANGO" width="490" height="685" /></a>\r\n<p class="wp-caption-text" style="margin: 0px; padding: 4px 4px 5px; outline: none !important; font-style: italic; font-size: 13px; line-height: 17px; text-align: center;">Đầm Mango.</p>\r\n</div>\r\n<p style="margin: 20px 0px 0px; padding: 0px; outline: none !important;">Bạn sẽ c&oacute; được:</p>\r\n<p style="margin: 20px 0px 0px; padding: 0px; outline: none !important;">&nbsp;</p>\r\n<div id="attachment_93126" class="wp-caption alignnone" style="margin: 0px; padding: 0px; outline: none !important; width: 500px;"><a class="auto_fancybox" style="margin: 0px; padding: 0px; color: #363636; text-decoration: none; outline: none !important;" href="http://www.elle.vn/wp-content/uploads/2015/08/11/cach-phoi-do-dep-BOHO-dress1.jpg" rel="article_gallery"><img class="wp-image-93126 size-medium" style="margin: 0px auto; padding: 0px; height: auto; vertical-align: middle; border: none; max-width: 490px !important; outline: none !important; display: block;" src="http://www.elle.vn/wp-content/uploads/2015/08/11/cach-phoi-do-dep-BOHO-dress1-490x692.jpg" alt="cach-phoi-do-dep-BOHO-dress" width="490" height="692" /></a>\r\n<p class="wp-caption-text" style="margin: 0px; padding: 4px 4px 5px; outline: none !important; font-style: italic; font-size: 13px; line-height: 17px; text-align: center;">1. V&ograve;ng tay Topshop. 2. &Aacute;o kho&aacute;c Mango. 3. Mắt k&iacute;nh Topshop. 4. T&uacute;i x&aacute;ch Coach. 5. Hoa tai Zara. 6. Gi&agrave;y Zara. 7. Đầm Mango. 8. N&oacute;n Fedora Topshop.</p>\r\n</div>\r\n<p style="margin: 20px 0px 0px; padding: 0px; outline: none !important;"><strong style="margin: 0px; padding: 0px; outline: none !important;">3. Phong c&aacute;ch Baby doll c&aacute; t&iacute;nh</strong></p>\r\n<p style="margin: 20px 0px 0px; padding: 0px; outline: none !important;">Đối với những chiếc đầm trắng kh&ocirc;ng &ocirc;m s&aacute;t v&agrave; phom d&aacute;ng rộng r&atilde;i, thoải m&aacute;i, bạn c&oacute; thể l&agrave;m chiếc đầm bớt nh&agrave;m ch&aacute;n bằng c&aacute;ch mặc c&ugrave;ng &aacute;o bomber jacket, gi&agrave;y thể thao v&agrave; t&uacute;i x&aacute;ch nhiều m&agrave;u. Phong c&aacute;ch n&agrave;y sẽ gi&uacute;p bạn tr&ocirc;ng trẻ trung, năng động hơn rất nhiều.</p>\r\n<p style="margin: 20px 0px 0px; padding: 0px; outline: none !important;">Tuy nhi&ecirc;n, bạn n&ecirc;n lưu &yacute; c&aacute;ch phối đồ n&agrave;y kh&ocirc;ng ph&ugrave; hợp cho m&ocirc;i trường c&ocirc;ng sở hay những nơi cần sự trang trọng v&agrave; lịch sự.</p>\r\n<p style="margin: 20px 0px 0px; padding: 0px; outline: none !important;">Từ chiếc đầm trắng như thế n&agrave;y:</p>\r\n<p style="margin: 20px 0px 0px; padding: 0px; outline: none !important;">&nbsp;</p>\r\n<div id="attachment_93124" class="wp-caption alignnone" style="margin: 0px; padding: 0px; outline: none !important; width: 500px;"><a class="auto_fancybox" style="margin: 0px; padding: 0px; color: #363636; text-decoration: none; outline: none !important;" href="http://www.elle.vn/wp-content/uploads/2015/08/11/cach-phoi-do-dep-voi-dam-trang-MANGO-overall.jpg" rel="article_gallery"><img class="wp-image-93124 size-medium" style="margin: 0px auto; padding: 0px; height: auto; vertical-align: middle; border: none; max-width: 490px !important; outline: none !important; display: block;" src="http://www.elle.vn/wp-content/uploads/2015/08/11/cach-phoi-do-dep-voi-dam-trang-MANGO-overall-490x685.jpg" alt="cach-phoi-do-dep-voi-dam-trang-MANGO-overall" width="490" height="685" /></a>\r\n<p class="wp-caption-text" style="margin: 0px; padding: 4px 4px 5px; outline: none !important; font-style: italic; font-size: 13px; line-height: 17px; text-align: center;">Đầm Mango.</p>\r\n</div>\r\n<p style="margin: 20px 0px 0px; padding: 0px; outline: none !important;">Bạn sẽ c&oacute; được:</p>\r\n<p style="margin: 20px 0px 0px; padding: 0px; outline: none !important;">&nbsp;</p>\r\n<div id="attachment_93123" class="wp-caption alignnone" style="margin: 0px; padding: 0px; outline: none !important; width: 500px;"><a class="auto_fancybox" style="margin: 0px; padding: 0px; color: #363636; text-decoration: none; outline: none !important;" href="http://www.elle.vn/wp-content/uploads/2015/08/11/cach-phoi-do-dep-BABY-DOLL-dress.jpg" rel="article_gallery"><img class="wp-image-93123 size-medium" style="margin: 0px auto; padding: 0px; height: auto; vertical-align: middle; border: none; max-width: 490px !important; outline: none !important; display: block;" src="http://www.elle.vn/wp-content/uploads/2015/08/11/cach-phoi-do-dep-BABY-DOLL-dress-490x692.jpg" alt="cach-phoi-do-dep-BABY-DOLL-dress" width="490" height="692" /></a>\r\n<p class="wp-caption-text" style="margin: 0px; padding: 4px 4px 5px; outline: none !important; font-style: italic; font-size: 13px; line-height: 17px; text-align: center;">1. Đồng hồ Lacoste. 2. &Aacute;o kho&aacute;c Lacoste. 3. Mắt k&iacute;nh Topshop. 4. Vớ Topshop. 5. T&uacute;i Bucket Topshop 6. Gi&agrave;y thể thao Nike. 7. Đầm Mango.</p>\r\n</div>\r\n</div>', 'Chiếc đầm trắng luôn toát lên vẻ thanh thoát, dịu dàng và nữ tính. Tuy nhiên, bạn cũng có thể biến hóa và làm mới kiểu đầm này nếu biết cách sáng tạo và thử nghiệm với nhiều cách mix match khác nhau. ELLE gợi ý cho bạn 3 cách phối đồ đẹp và độc để thay đổ', 1, '2015-08-26 19:33:49', '2015-08-26 19:33:49');
INSERT INTO `news` (`id`, `title`, `image`, `content`, `description`, `author_id`, `created_at`, `updated_at`) VALUES
(6, 'Bí quyết mặc đẹp theo phong cách New York của Gigi Hadid', 'ava55de9231acaea.jpg', '<div class="article-details-desc" style="margin: 0px 0px 20px; padding: 0px; font-style: italic; color: #363636; font-family: Helveticaworld, Helvetica, ''Helvetica Neue'', Arial; font-size: 15px; line-height: 20px; outline: none !important;">\r\n<p style="margin: 0px; padding: 0px; outline: none !important;">ần đ&acirc;y Gigi Hadid li&ecirc;n tục nhắc đến trong danh s&aacute;ch những &ldquo;it girl&rdquo; mới của s&agrave;n diễn v&agrave; mạng x&atilde; hội . Kh&ocirc;ng chỉ thu h&uacute;t ống k&iacute;nh với những bộ c&aacute;nh tuyệt đối gợi cảm tr&ecirc;n thảm đỏ, Gigi c&ograve;n chinh phục giới trẻ với phong c&aacute;ch street style đậm chất th&agrave;nh thị của New York v&agrave; kh&ocirc;ng k&eacute;m phần l&ocirc;i cuốn.</p>\r\n</div>\r\n<div class="article-details-main-content" style="margin: 0px; padding: 0px; color: #363636; font-family: Helveticaworld, Helvetica, ''Helvetica Neue'', Arial; font-size: 15px; line-height: 20px; outline: none !important;">\r\n<p style="margin: 20px 0px 0px; padding: 0px; outline: none !important;">ELLE chia sẻ 6 b&iacute; quyết mặc đẹp theo phong c&aacute;ch street style của Gigi Hadid:</p>\r\n<div class="article-details-slideshow-wrapper" style="margin: 30px auto 0px; padding: 0px; overflow: hidden; position: relative; outline: none !important;">\r\n<div class="article-details-slideshow-details" style="margin: 0px; padding: 0px; overflow: hidden; position: relative; outline: none !important;">\r\n<ul class="article-details-slideshow article-details-slideshow-1" style="margin: 0px; padding: 0px; outline: none !important; position: relative; width: 490px; height: 745px;">\r\n<li style="margin: 0px; padding: 0px; list-style: none; position: absolute; top: 0px; left: 0px; opacity: 1; z-index: 15; outline: none !important;">\r\n<div class="elle-fashion-slide-figure " style="margin: 0px; padding: 0px; outline: none !important; font-size: 12px; font-style: italic; line-height: 15px; width: 490px;"><a class="photoshoot-details-slide-a gallery-img crop_image_490x735 auto_fancybox" style="margin: 0px; padding: 0px; color: #363636; text-decoration: none; outline: none !important; width: 490px; height: 735px; display: table-cell; overflow: hidden; vertical-align: middle; text-align: center; position: relative; background-color: #f1f0f0;" title="" href="http://www.elle.vn/wp-content/uploads/2015/07/30/cach-phoi-do-dep-gigi-natural-look.jpg" rel="article_gallery"><img style="padding: 0px; max-width: 490px; height: auto; vertical-align: middle; border: 0px; outline: none !important; max-height: 735px; margin: 0px !important 0px !important 10px 0px !important;" src="http://www.elle.vn/wp-content/uploads/2015/07/30/cach-phoi-do-dep-gigi-natural-look-490x490.jpg" alt="" /><span class="article-details-zoom" style="margin: 0px; padding: 0px; outline: none !important; bottom: 20px; color: transparent; display: block; font-size: 0px; height: 28px; position: absolute; right: 11px; width: 28px; background: url(''http://www.elle.vn/wp-content/themes/ellev2/images/icons.png'') -59px -1478px no-repeat scroll transparent;">&nbsp;</span></a>\r\n<div class="img-caption" style="margin: 10px 0px; padding: 0px; outline: none !important; font-style: normal; font-size: 14px;">&nbsp;</div>\r\n<div class="img-description" style="margin: 0px; padding: 0px; outline: none !important; font-size: 14px; font-style: normal; line-height: 18px;">&nbsp;</div>\r\n</div>\r\n</li>\r\n</ul>\r\n<div class="photoshoot-details-slideshow-controls" style="margin: 0px; padding: 0px; outline: none !important; text-align: center;"><a id="elle-fashion-prev" class="photoshoot-details-slideshow-button elle-fashion-prev-1" style="margin: -86px 0px 0px; padding: 0px; color: #363636; text-decoration: none; display: block; height: 133px; position: absolute; text-indent: -99999em; width: 65px; z-index: 99; left: 0px; outline: none !important; top: 377px !important; background: url(''http://www.elle.vn/wp-content/themes/ellev2/images/icons.png'') -65px -2454px no-repeat scroll transparent;" href="http://www.elle.vn/sao-style/bi-quyet-mac-dep-theo-phong-cach-new-york-cua-gigi-hadid">&laquo; Prev</a><a id="elle-fashion-next" class="photoshoot-details-slideshow-button elle-fashion-next-1" style="margin: -86px 0px 0px; padding: 0px; color: #363636; text-decoration: none; display: block; height: 133px; position: absolute; text-indent: -99999em; width: 65px; z-index: 99; right: 0px; outline: none !important; top: 377px !important; background: url(''http://www.elle.vn/wp-content/themes/ellev2/images/icons.png'') 0px -2454px no-repeat scroll transparent;" href="http://www.elle.vn/sao-style/bi-quyet-mac-dep-theo-phong-cach-new-york-cua-gigi-hadid">Next &raquo;</a></div>\r\n</div>\r\n<div class="elle-fashion-thumnails" style="margin: 30px auto 0px; padding: 0px; outline: none !important; border-top-width: 1px; border-top-style: solid; border-top-color: #363636; position: relative;">\r\n<div id="elle-fashion-slide-pager" class="carousel elle-fashion-slide-pager-1" style="margin: 12px auto 0px; padding: 0px; outline: none !important; position: relative; line-height: 1; width: 490px; height: 90px; overflow: hidden;">\r\n<div class="mask" style="margin: 0px; padding: 0px; outline: none !important; overflow: hidden; position: relative; width: 490px; height: 88px;">\r\n<div class="mask" style="margin: 0px; padding: 0px; outline: none !important; overflow: hidden; position: relative; width: 490px; height: 88px;">\r\n<ul style="margin: 0px auto !important; padding: 0px; outline: none !important; position: absolute; list-style-type: none; overflow: hidden; clear: both; width: 1400px;">\r\n<li class="activeSlide" style="margin: 0px 12px 0px 0px; padding: 0px; line-height: 20px; outline: none !important; list-style: none; float: left; height: 88px !important; filter: none; -webkit-filter: grayscale(0);"><a class="" style="margin: 0px; padding: 0px; color: #363636; text-decoration: none; outline: none !important;" href="http://www.elle.vn/sao-style/bi-quyet-mac-dep-theo-phong-cach-new-york-cua-gigi-hadid" rel=""><img style="margin: 0px; padding: 0px; max-width: 490px !important; height: auto; vertical-align: middle; border: 1px solid #000000; outline: none !important; display: block;" src="http://www.elle.vn/wp-content/uploads/2015/07/30/cach-phoi-do-dep-gigi-natural-look-150x150.jpg" alt="cach-phoi-do-dep-gigi-natural-look" width="86" height="86" /></a></li>\r\n<li style="margin: 0px 12px 0px 0px; padding: 0px; line-height: 20px; outline: none !important; list-style: none; float: left; height: 88px !important; filter: url(''css/desaturate.svg#greyscale''); -webkit-filter: grayscale(1);"><a class="" style="margin: 0px; padding: 0px; color: #363636; text-decoration: none; outline: none !important;" href="http://www.elle.vn/sao-style/bi-quyet-mac-dep-theo-phong-cach-new-york-cua-gigi-hadid" rel=""><img style="margin: 0px; padding: 0px; max-width: 490px !important; height: auto; vertical-align: middle; border: 1px solid #ffffff; outline: none !important; display: block;" src="http://www.elle.vn/wp-content/uploads/2015/07/30/cach-phoi-do-dep-gigi-blue-stripe-dress-150x150.jpg" alt="cach-phoi-do-dep-gigi-blue-stripe-dress" width="86" height="86" /></a></li>\r\n<li style="margin: 0px 12px 0px 0px; padding: 0px; line-height: 20px; outline: none !important; list-style: none; float: left; height: 88px !important; filter: url(''css/desaturate.svg#greyscale''); -webkit-filter: grayscale(1);"><a class="" style="margin: 0px; padding: 0px; color: #363636; text-decoration: none; outline: none !important;" href="http://www.elle.vn/sao-style/bi-quyet-mac-dep-theo-phong-cach-new-york-cua-gigi-hadid" rel=""><img style="margin: 0px; padding: 0px; max-width: 490px !important; height: auto; vertical-align: middle; border: 1px solid #ffffff; outline: none !important; display: block;" src="http://www.elle.vn/wp-content/uploads/2015/07/30/cach-phoi-do-dep-gigi-sweatshirt1-150x150.jpg" alt="cach-phoi-do-dep-gigi-sweatshirt" width="86" height="86" /></a></li>\r\n<li style="margin: 0px 12px 0px 0px; padding: 0px; line-height: 20px; outline: none !important; list-style: none; float: left; height: 88px !important; filter: url(''css/desaturate.svg#greyscale''); -webkit-filter: grayscale(1);"><a class="" style="margin: 0px; padding: 0px; color: #363636; text-decoration: none; outline: none !important;" href="http://www.elle.vn/sao-style/bi-quyet-mac-dep-theo-phong-cach-new-york-cua-gigi-hadid" rel=""><img style="margin: 0px; padding: 0px; max-width: 490px !important; height: auto; vertical-align: middle; border: 1px solid #ffffff; outline: none !important; display: block;" src="http://www.elle.vn/wp-content/uploads/2015/07/30/cach-phoi-do-dep-gigi-cream-sweatshirt-150x150.jpg" alt="cach-phoi-do-dep-gigi-cream-sweatshirt" width="86" height="86" /></a></li>\r\n<li style="margin: 0px 12px 0px 0px; padding: 0px; line-height: 20px; outline: none !important; list-style: none; float: left; height: 88px !important; filter: url(''css/desaturate.svg#greyscale''); -webkit-filter: grayscale(1);"><a class="" style="margin: 0px; padding: 0px; color: #363636; text-decoration: none; outline: none !important;" href="http://www.elle.vn/sao-style/bi-quyet-mac-dep-theo-phong-cach-new-york-cua-gigi-hadid" rel=""><img style="margin: 0px; padding: 0px; max-width: 490px !important; height: auto; vertical-align: middle; border: 1px solid #ffffff; outline: none !important; display: block;" src="http://www.elle.vn/wp-content/uploads/2015/07/30/cach-phoi-do-dep-gigi-sunglass-150x150.jpg" alt="cach-phoi-do-dep-gigi-sunglass" width="86" height="86" /></a></li>\r\n<li style="margin: 0px 12px 0px 0px; padding: 0px; line-height: 20px; outline: none !important; list-style: none; float: left; height: 88px !important; filter: url(''css/desaturate.svg#greyscale''); -webkit-filter: grayscale(1);"><a class="" style="margin: 0px; padding: 0px; color: #363636; text-decoration: none; outline: none !important;" href="http://www.elle.vn/sao-style/bi-quyet-mac-dep-theo-phong-cach-new-york-cua-gigi-hadid" rel=""><img style="margin: 0px; padding: 0px; max-width: 490px !important; height: auto; vertical-align: middle; border: 1px solid #ffffff; outline: none !important; display: block;" src="http://www.elle.vn/wp-content/uploads/2015/07/30/cach-phoi-do-dep-gigi-shades-150x150.jpg" alt="cach-phoi-do-dep-gigi-shades" width="86" height="86" /></a></li>\r\n<li style="margin: 0px 12px 0px 0px; padding: 0px; line-height: 20px; outline: none !important; list-style: none; float: left; height: 88px !important; filter: url(''css/desaturate.svg#greyscale''); -webkit-filter: grayscale(1);"><a class="" style="margin: 0px; padding: 0px; color: #363636; text-decoration: none; outline: none !important;" href="http://www.elle.vn/sao-style/bi-quyet-mac-dep-theo-phong-cach-new-york-cua-gigi-hadid" rel=""><img style="margin: 0px; padding: 0px; max-width: 490px !important; height: auto; vertical-align: middle; border: 1px solid #ffffff; outline: none !important; display: block;" src="http://www.elle.vn/wp-content/uploads/2015/07/30/cach-phoi-do-dep-gigi-leather-jacket-150x150.jpg" alt="cach-phoi-do-dep-gigi-leather-jacket" width="86" height="86" /></a></li>\r\n<li style="margin: 0px 12px 0px 0px; padding: 0px; line-height: 20px; outline: none !important; list-style: none; float: left; height: 88px !important; filter: url(''css/desaturate.svg#greyscale''); -webkit-filter: grayscale(1);"><a class="" style="margin: 0px; padding: 0px; color: #363636; text-decoration: none; outline: none !important;" href="http://www.elle.vn/sao-style/bi-quyet-mac-dep-theo-phong-cach-new-york-cua-gigi-hadid" rel=""><img style="margin: 0px; padding: 0px; max-width: 490px !important; height: auto; vertical-align: middle; border: 1px solid #ffffff; outline: none !important; display: block;" src="http://www.elle.vn/wp-content/uploads/2015/07/30/cach-phoi-do-dep-gigi-denim-on-denim-150x150.jpg" alt="cach-phoi-do-dep-gigi-denim-on-denim" width="86" height="86" /></a></li>\r\n<li style="margin: 0px 12px 0px 0px; padding: 0px; line-height: 20px; outline: none !important; list-style: none; float: left; height: 88px !important; filter: url(''css/desaturate.svg#greyscale''); -webkit-filter: grayscale(1);"><a class="" style="margin: 0px; padding: 0px; color: #363636; text-decoration: none; outline: none !important;" href="http://www.elle.vn/sao-style/bi-quyet-mac-dep-theo-phong-cach-new-york-cua-gigi-hadid" rel=""><img style="margin: 0px; padding: 0px; max-width: 490px !important; height: auto; vertical-align: middle; border: 1px solid #ffffff; outline: none !important; display: block;" src="http://www.elle.vn/wp-content/uploads/2015/07/30/cach-phoi-do-dep-gigi-cream-cardigan-150x150.jpg" alt="cach-phoi-do-dep-gigi-cream-cardigan" width="86" height="86" /></a></li>\r\n<li style="margin: 0px 12px 0px 0px; padding: 0px; line-height: 20px; outline: none !important; list-style: none; float: left; height: 88px !important; filter: url(''css/desaturate.svg#greyscale''); -webkit-filter: grayscale(1);"><a class="" style="margin: 0px; padding: 0px; color: #363636; text-decoration: none; outline: none !important;" href="http://www.elle.vn/sao-style/bi-quyet-mac-dep-theo-phong-cach-new-york-cua-gigi-hadid" rel=""><img style="margin: 0px; padding: 0px; max-width: 490px !important; height: auto; vertical-align: middle; border: 1px solid #ffffff; outline: none !important; display: block;" src="http://www.elle.vn/wp-content/uploads/2015/07/30/cach-phoi-do-dep-gigi-all-black-150x150.jpg" alt="cach-phoi-do-dep-gigi-all-black" width="86" height="86" /></a></li>\r\n<li style="margin: 0px 12px 0px 0px; padding: 0px; line-height: 20px; outline: none !important; list-style: none; float: left; height: 88px !important; filter: url(''css/desaturate.svg#greyscale''); -webkit-filter: grayscale(1);"><a class="" style="margin: 0px; padding: 0px; color: #363636; text-decoration: none; outline: none !important;" href="http://www.elle.vn/sao-style/bi-quyet-mac-dep-theo-phong-cach-new-york-cua-gigi-hadid" rel=""><img style="margin: 0px; padding: 0px; max-width: 490px !important; height: auto; vertical-align: middle; border: 1px solid #ffffff; outline: none !important; display: block;" src="http://www.elle.vn/wp-content/uploads/2015/07/30/cach-phoi-do-dep-gigi-purple-coat-150x150.jpg" alt="cach-phoi-do-dep-gigi-purple-coat" width="86" height="86" /></a></li>\r\n<li style="margin: 0px 12px 0px 0px; padding: 0px; line-height: 20px; outline: none !important; list-style: none; float: left; height: 88px !important; filter: url(''css/desaturate.svg#greyscale''); -webkit-filter: grayscale(1);"><a class="" style="margin: 0px; padding: 0px; color: #363636; text-decoration: none; outline: none !important;" href="http://www.elle.vn/sao-style/bi-quyet-mac-dep-theo-phong-cach-new-york-cua-gigi-hadid" rel=""><img style="margin: 0px; padding: 0px; max-width: 490px !important; height: auto; vertical-align: middle; border: 1px solid #ffffff; outline: none !important; display: block;" src="http://www.elle.vn/wp-content/uploads/2015/07/30/cach-phoi-do-dep-gigi-jacket-airport-150x150.jpg" alt="cach-phoi-do-dep-gigi-jacket-airport" width="86" height="86" /></a></li>\r\n<li style="margin: 0px 12px 0px 0px; padding: 0px; line-height: 20px; outline: none !important; list-style: none; float: left; height: 88px !important; filter: url(''css/desaturate.svg#greyscale''); -webkit-filter: grayscale(1);"><a class="" style="margin: 0px; padding: 0px; color: #363636; text-decoration: none; outline: none !important;" href="http://www.elle.vn/sao-style/bi-quyet-mac-dep-theo-phong-cach-new-york-cua-gigi-hadid" rel=""><img style="margin: 0px; padding: 0px; max-width: 490px !important; height: auto; vertical-align: middle; border: 1px solid #ffffff; outline: none !important; display: block;" src="http://www.elle.vn/wp-content/uploads/2015/07/30/cach-phoi-do-dep-gigi-jacket-150x150.jpg" alt="cach-phoi-do-dep-gigi-jacket" width="86" height="86" /></a></li>\r\n<li style="margin: 0px 12px 0px 0px; padding: 0px; line-height: 20px; outline: none !important; list-style: none; float: left; height: 88px !important; filter: url(''css/desaturate.svg#greyscale''); -webkit-filter: grayscale(1);"><a class="" style="margin: 0px; padding: 0px; color: #363636; text-decoration: none; outline: none !important;" href="http://www.elle.vn/sao-style/bi-quyet-mac-dep-theo-phong-cach-new-york-cua-gigi-hadid" rel=""><img style="margin: 0px; padding: 0px; max-width: 490px !important; height: auto; vertical-align: middle; border: 1px solid #ffffff; outline: none !important; display: block;" src="http://www.elle.vn/wp-content/uploads/2015/07/30/cach-phoi-do-dep-gigi-black-jacket-150x150.jpg" alt="cach-phoi-do-dep-gigi-black-jacket" width="86" height="86" /></a></li>\r\n</ul>\r\n</div>\r\n</div>\r\n<a class="prev disabled" style="margin: -21px 0px 0px; padding: 0px; color: gray; text-decoration: none; outline: none !important; cursor: default; display: block; height: 42px; line-height: 42px; position: absolute; top: 45px; text-align: center; text-indent: -99999em; width: 22px; z-index: 20; left: 15px; background: url(''http://www.elle.vn/wp-content/themes/ellev2/images/icons.png'') -89px -495px no-repeat;" href="http://www.elle.vn/sao-style/bi-quyet-mac-dep-theo-phong-cach-new-york-cua-gigi-hadid">Prev</a><a class="next" style="margin: -21px 0px 0px; padding: 0px; color: #363636; text-decoration: none; outline: none !important; display: block; height: 42px; line-height: 42px; position: absolute; top: 45px; text-align: center; text-indent: -99999em; width: 22px; z-index: 20; right: 15px; background: url(''http://www.elle.vn/wp-content/themes/ellev2/images/icons.png'') -66px -495px no-repeat;" href="http://www.elle.vn/sao-style/bi-quyet-mac-dep-theo-phong-cach-new-york-cua-gigi-hadid">Next</a><a class="prev disabled" style="margin: -21px 0px 0px; padding: 0px; color: gray; text-decoration: none; outline: none !important; cursor: default; display: block; height: 42px; line-height: 42px; position: absolute; top: 45px; text-align: center; text-indent: -99999em; width: 22px; z-index: 20; left: 15px; background: url(''http://www.elle.vn/wp-content/themes/ellev2/images/icons.png'') -89px -495px no-repeat;" href="http://www.elle.vn/sao-style/bi-quyet-mac-dep-theo-phong-cach-new-york-cua-gigi-hadid">Prev</a><a class="next" style="margin: -21px 0px 0px; padding: 0px; color: #363636; text-decoration: none; outline: none !important; display: block; height: 42px; line-height: 42px; position: absolute; top: 45px; text-align: center; text-indent: -99999em; width: 22px; z-index: 20; right: 15px; background: url(''http://www.elle.vn/wp-content/themes/ellev2/images/icons.png'') -66px -495px no-repeat;" href="http://www.elle.vn/sao-style/bi-quyet-mac-dep-theo-phong-cach-new-york-cua-gigi-hadid">Next</a></div>\r\n</div>\r\n</div>\r\n<p style="margin: 20px 0px 0px; padding: 0px; outline: none !important;"><strong style="margin: 0px; padding: 0px; outline: none !important;">1.&nbsp;Quần skinny &ocirc;m s&aacute;t</strong></p>\r\n<p style="margin: 20px 0px 0px; padding: 0px; outline: none !important;">Mặc d&ugrave; sở hữu v&oacute;c d&aacute;ng săn chắc, cao r&aacute;o v&agrave; cực kỳ gợi cảm, Gigi lại &iacute;t khi diện v&aacute;y hay những bộ c&aacute;nh &ocirc;m s&aacute;t điệu đ&agrave; b&ecirc;n ngo&agrave;i s&agrave;n diễn. Với t&iacute;nh c&aacute;ch mạnh mẽ v&agrave; ph&oacute;ng kho&aacute;ng, b&iacute; quyết mặc đẹp v&agrave;&nbsp;t&ocirc;n l&ecirc;n những lợi thế h&igrave;nh thể &nbsp;của một si&ecirc;u mẫu ch&iacute;nh l&agrave; chiếc quần skinny &ocirc;m s&aacute;t. Mặc d&ugrave; kh&ocirc;ng &iacute;t lần Gigi &ldquo;đổi gi&oacute;&rdquo; với quần jeans boyfriend &ldquo;bụi bặm&rdquo;, nhưng skinny lu&ocirc;n l&agrave; lựa chọn ưu ti&ecirc;n của c&ocirc; n&agrave;ng, từ quần tập gym cho đến quần jeans, quần da&hellip;</p>\r\n<p style="margin: 20px 0px 0px; padding: 0px; outline: none !important;"><a class="auto_fancybox" style="margin: 0px; padding: 0px; color: #363636; text-decoration: none; outline: none !important;" href="http://www.elle.vn/wp-content/uploads/2015/07/30/cach-phoi-do-dep-gigi-ripped-jeans.jpg" rel="article_gallery"><img class="alignnone size-medium wp-image-91945" style="margin: 0px; padding: 0px; max-width: 490px !important; height: auto; vertical-align: middle; border: none; outline: none !important;" src="http://www.elle.vn/wp-content/uploads/2015/07/30/cach-phoi-do-dep-gigi-ripped-jeans-490x640.jpg" alt="cach-phoi-do-dep-gigi-ripped-jeans" width="490" height="640" /></a></p>\r\n<p style="margin: 20px 0px 0px; padding: 0px; outline: none !important;"><a class="auto_fancybox" style="margin: 0px; padding: 0px; color: #363636; text-decoration: none; outline: none !important;" href="http://www.elle.vn/wp-content/uploads/2015/07/30/cach-phoi-do-dep-gigi-boyfriend-jeans1.jpg" rel="article_gallery"><img class="alignnone size-medium wp-image-91947" style="margin: 0px; padding: 0px; max-width: 490px !important; height: auto; vertical-align: middle; border: none; outline: none !important;" src="http://www.elle.vn/wp-content/uploads/2015/07/30/cach-phoi-do-dep-gigi-boyfriend-jeans1-490x640.jpg" alt="cach-phoi-do-dep-gigi-boyfriend-jeans" width="490" height="640" /></a></p>\r\n<p style="margin: 20px 0px 0px; padding: 0px; outline: none !important;">&nbsp;</p>\r\n<p style="margin: 20px 0px 0px; padding: 0px; outline: none !important;"><strong style="margin: 0px; padding: 0px; outline: none !important;">2.&nbsp;B&iacute; quyết mặc đẹp như Gigi Hadid với c&aacute;c kiểu &aacute;o kho&aacute;c</strong></p>\r\n<p style="margin: 20px 0px 0px; padding: 0px; outline: none !important;">Những chiếc &aacute;o kho&aacute;c c&oacute; phom d&aacute;ng thẳng, cổ điển, mang hơi hướm menswear, m&agrave;u sắc thanh lịch lu&ocirc;n l&agrave; một trong những item đặc trưng của Gigi. Bạn c&oacute; thể kh&aacute;m ph&aacute; ba độ d&agrave;i kh&aacute;c nhau d&agrave;nh cho những chiều cao kh&aacute;c nhau: Ngang gối, ngang bắp đ&ugrave;i, ngang h&ocirc;ng.</p>\r\n<p style="margin: 20px 0px 0px; padding: 0px; outline: none !important;"><a class="auto_fancybox" style="margin: 0px; padding: 0px; color: #363636; text-decoration: none; outline: none !important;" href="http://www.elle.vn/wp-content/uploads/2015/07/30/cach-phoi-do-dep-gigi-coats.jpg" rel="article_gallery"><img class="alignnone size-medium wp-image-91949" style="margin: 0px; padding: 0px; max-width: 490px !important; height: auto; vertical-align: middle; border: none; outline: none !important;" src="http://www.elle.vn/wp-content/uploads/2015/07/30/cach-phoi-do-dep-gigi-coats-490x319.jpg" alt="cach-phoi-do-dep-gigi-coats" width="490" height="319" /></a></p>\r\n<p style="margin: 20px 0px 0px; padding: 0px; outline: none !important;">Đối với &aacute;o kho&aacute;c dạng ngắn, Gigi thường chọn những thiết kế c&oacute; nhiều chi tiết v&agrave; v&agrave; l&agrave;m bằng da tạo n&ecirc;n phong c&aacute;ch ph&oacute;ng kho&aacute;ng v&agrave;&nbsp;mạnh mẽ. Đừng qu&ecirc;n &ldquo;xem x&eacute;t&rdquo; th&ecirc;m &aacute;o kho&aacute;c Bomber&nbsp;nh&eacute;!</p>\r\n<p style="margin: 20px 0px 0px; padding: 0px; outline: none !important;"><a class="auto_fancybox" style="margin: 0px; padding: 0px; color: #363636; text-decoration: none; outline: none !important;" href="http://www.elle.vn/wp-content/uploads/2015/07/30/cach-phoi-do-dep-gigi-biker-jacket.jpg" rel="article_gallery"><img class="alignnone size-medium wp-image-91948" style="margin: 0px; padding: 0px; max-width: 490px !important; height: auto; vertical-align: middle; border: none; outline: none !important;" src="http://www.elle.vn/wp-content/uploads/2015/07/30/cach-phoi-do-dep-gigi-biker-jacket-490x640.jpg" alt="cach-phoi-do-dep-gigi-biker-jacket" width="490" height="640" /></a></p>\r\n<p style="margin: 20px 0px 0px; padding: 0px; outline: none !important;"><a class="auto_fancybox" style="margin: 0px; padding: 0px; color: #363636; text-decoration: none; outline: none !important;" href="http://www.elle.vn/wp-content/uploads/2015/07/30/cach-phoi-do-dep-gigi-bomber-jacket.jpg" rel="article_gallery"><img class="alignnone size-medium wp-image-91950" style="margin: 0px; padding: 0px; max-width: 490px !important; height: auto; vertical-align: middle; border: none; outline: none !important;" src="http://www.elle.vn/wp-content/uploads/2015/07/30/cach-phoi-do-dep-gigi-bomber-jacket-490x640.jpg" alt="cach-phoi-do-dep-gigi-bomber-jacket" width="490" height="640" /></a></p>\r\n<p style="margin: 20px 0px 0px; padding: 0px; outline: none !important;">&nbsp;</p>\r\n<p style="margin: 20px 0px 0px; padding: 0px; outline: none !important;"><strong style="margin: 0px; padding: 0px; outline: none !important;">3.&nbsp;Những chiếc &aacute;o thun đơn giản</strong></p>\r\n<p style="margin: 20px 0px 0px; padding: 0px; outline: none !important;">Để phối đồ với quần skinny hoặc c&aacute;c kiểu &aacute;o kho&aacute;c, Gigi thường mặc c&ugrave;ng &aacute;o thun ở b&ecirc;n trong. C&aacute;c kiểu &aacute;o thun c&ocirc; thường mặc rất đơn giản: Hoặc trơn, hoặc c&oacute; slogan, hoặc in graphic. M&agrave;u sắc thường xuất hiện l&agrave; trắng, đen, hoặc những gam m&agrave;u pastel ngọt ng&agrave;o.</p>\r\n<p style="margin: 20px 0px 0px; padding: 0px; outline: none !important;"><a class="auto_fancybox" style="margin: 0px; padding: 0px; color: #363636; text-decoration: none; outline: none !important;" href="http://www.elle.vn/wp-content/uploads/2015/07/30/cach-phoi-do-dep-gigi-tshirt.jpg" rel="article_gallery"><img class="alignnone size-medium wp-image-91951" style="margin: 0px; padding: 0px; max-width: 490px !important; height: auto; vertical-align: middle; border: none; outline: none !important;" src="http://www.elle.vn/wp-content/uploads/2015/07/30/cach-phoi-do-dep-gigi-tshirt-490x307.jpg" alt="cach-phoi-do-dep-gigi-tshirt" width="490" height="307" /></a></p>\r\n<p style="margin: 20px 0px 0px; padding: 0px; outline: none !important;">Ngo&agrave;i những chiếc &aacute;o thun c&oacute; kiểu d&aacute;ng căn bản, croptop v&agrave; &aacute;o ba lỗ c&ograve;n l&agrave; hai item của m&ugrave;a H&egrave; m&agrave; Gigi rất&nbsp;chuộng. H&atilde;y nhớ&nbsp;b&iacute; quyết mặc đẹp đ&ocirc;i khi&nbsp;kh&ocirc;ng cần phải mix&amp;match với nhiều loại &aacute;o kh&aacute;c nhau m&agrave; h&atilde;y&nbsp;giữ mọi thứ đơn giản nhất c&oacute; thể.<a class="auto_fancybox" style="margin: 0px; padding: 0px; color: #363636; text-decoration: none; outline: none !important;" href="http://www.elle.vn/wp-content/uploads/2015/07/30/cach-phoi-do-dep-gigi-croptop.jpg" rel="article_gallery"><img class="alignnone size-medium wp-image-91952" style="margin: 0px; padding: 0px; max-width: 490px !important; height: auto; vertical-align: middle; border: none; outline: none !important;" src="http://www.elle.vn/wp-content/uploads/2015/07/30/cach-phoi-do-dep-gigi-croptop-490x328.jpg" alt="cach-phoi-do-dep-gigi-croptop" width="490" height="328" /></a></p>\r\n<p style="margin: 20px 0px 0px; padding: 0px; outline: none !important;">&nbsp;</p>\r\n<p style="margin: 20px 0px 0px; padding: 0px; outline: none !important;">&nbsp;</p>\r\n<p style="margin: 20px 0px 0px; padding: 0px; outline: none !important;"><strong style="margin: 0px; padding: 0px; outline: none !important;">4. &Aacute;o sweatshirt&nbsp;</strong></p>\r\n<p style="margin: 20px 0px 0px; padding: 0px; outline: none !important;">Những mẫu sweatshirt m&agrave; Gigi&nbsp;hay diện tr&ecirc;n đường đến ph&ograve;ng tập gym hay tr&ecirc;n phố đều mang m&agrave;u sắc nh&atilde; nhặn, đ&ocirc;i l&uacute;c tạo điểm nhấn với d&ograve;ng slogan ngắn. B&iacute; quyết để biến chiếc &aacute;o sweatshirt vốn rất thoải m&aacute;i th&agrave;nh một m&oacute;n đồ thời trang l&agrave; phối với quần da, kết hợp với nhiều layers v&agrave; ch&uacute; trọng v&agrave;o phụ kiện nổi bật.</p>\r\n<p style="margin: 20px 0px 0px; padding: 0px; outline: none !important;"><a class="auto_fancybox" style="margin: 0px; padding: 0px; color: #363636; text-decoration: none; outline: none !important;" href="http://www.elle.vn/wp-content/uploads/2015/07/30/cach-phoi-do-dep-gigi-sweatshirt.jpg" rel="article_gallery"><img class="alignnone size-medium wp-image-91954" style="margin: 0px; padding: 0px; max-width: 490px !important; height: auto; vertical-align: middle; border: none; outline: none !important;" src="http://www.elle.vn/wp-content/uploads/2015/07/30/cach-phoi-do-dep-gigi-sweatshirt-490x374.jpg" alt="cach-phoi-do-dep-gigi-sweatshirt" width="490" height="374" /></a></p>\r\n<p style="margin: 20px 0px 0px; padding: 0px; outline: none !important;">&nbsp;</p>\r\n<p style="margin: 20px 0px 0px; padding: 0px; outline: none !important;"><strong style="margin: 0px; padding: 0px; outline: none !important;">5. Đầm</strong></p>\r\n<p style="margin: 20px 0px 0px; padding: 0px; outline: none !important;">Khi xuất hiện tr&ecirc;n thảm đỏ, Gigi thường chọn những kiểu đầm gợi cảm t&ocirc;n l&ecirc;n đường cong cơ thể. Nhưng v&agrave;o những ng&agrave;y thường, tr&ecirc;n đường phố, khi gặp gỡ bạn b&egrave;, Gigi chỉ chọn những chiếc đầm đơn giản, thoải m&aacute;i, &iacute;t họa tiết lẫn chi tiết.</p>\r\n<p style="margin: 20px 0px 0px; padding: 0px; outline: none !important;"><a class="auto_fancybox" style="margin: 0px; padding: 0px; color: #363636; text-decoration: none; outline: none !important;" href="http://www.elle.vn/wp-content/uploads/2015/07/30/cach-phoi-do-dep-gigi-day-dress.jpg" rel="article_gallery"><img class="alignnone size-medium wp-image-91965" style="margin: 0px; padding: 0px; max-width: 490px !important; height: auto; vertical-align: middle; border: none; outline: none !important;" src="http://www.elle.vn/wp-content/uploads/2015/07/30/cach-phoi-do-dep-gigi-day-dress-490x374.jpg" alt="cach-phoi-do-dep-gigi-day-dress" width="490" height="374" /></a></p>\r\n<div id="attachment_91966" class="wp-caption alignnone" style="margin: 0px; padding: 0px; outline: none !important; width: 500px;"><a class="auto_fancybox" style="margin: 0px; padding: 0px; color: #363636; text-decoration: none; outline: none !important;" href="http://www.elle.vn/wp-content/uploads/2015/07/30/cach-phoi-do-dep-gigi-daydress-mango.jpg" rel="article_gallery"><img class="wp-image-91966 size-medium" style="margin: 0px; padding: 0px; max-width: 490px !important; height: auto; vertical-align: middle; border: none; outline: none !important;" src="http://www.elle.vn/wp-content/uploads/2015/07/30/cach-phoi-do-dep-gigi-daydress-mango-490x685.jpg" alt="cach-phoi-do-dep-gigi-daydress-mango" width="490" height="685" /></a>\r\n<p class="wp-caption-text" style="margin: 0px; padding: 4px 4px 5px; outline: none !important; font-style: italic; font-size: 13px; line-height: 17px; text-align: center;">Đầm Mango</p>\r\n</div>\r\n<p style="margin: 20px 0px 0px; padding: 0px; outline: none !important;"><strong style="margin: 0px; padding: 0px; outline: none !important;">6. Những m&oacute;n phụ kiện kh&ocirc;ng thể thiếu</strong></p>\r\n<p style="margin: 20px 0px 0px; padding: 0px; outline: none !important;">Với k&iacute;nh m&aacute;t,&nbsp;Gigi thường chọn mắt k&iacute;nh mặt gương c&oacute; kiểu d&aacute;ng mắt m&egrave;o hay bầu tr&ograve;n. Kiểu gi&agrave;y ankle boots v&agrave; gi&agrave;y cao g&oacute;t (pump) kiểu d&aacute;ng đơn giản, gi&agrave;y sneaker thể thao m&agrave;u hoặc trắng cũng l&agrave; những m&oacute;n phụ kiện kh&ocirc;ng thể thiếu đối với Gigi.</p>\r\n<div id="attachment_91962" class="wp-caption alignnone" style="margin: 0px; padding: 0px; outline: none !important; width: 500px;"><a class="auto_fancybox" style="margin: 0px; padding: 0px; color: #363636; text-decoration: none; outline: none !important;" href="http://www.elle.vn/wp-content/uploads/2015/07/30/cach-phoi-do-dep-gigi-accessories2.jpg" rel="article_gallery"><img class="wp-image-91962 size-medium" style="margin: 0px; padding: 0px; max-width: 490px !important; height: auto; vertical-align: middle; border: none; outline: none !important;" src="http://www.elle.vn/wp-content/uploads/2015/07/30/cach-phoi-do-dep-gigi-accessories2-490x374.jpg" alt="cach-phoi-do-dep-gigi-accessories" width="490" height="374" /></a>\r\n<p class="wp-caption-text" style="margin: 0px; padding: 4px 4px 5px; outline: none !important; font-style: italic; font-size: 13px; line-height: 17px; text-align: center;">1. T&uacute;i x&aacute;ch Furla. 2. T&uacute;i x&aacute;ch Herm&egrave;s. 3. K&iacute;nh m&aacute;t Rayban. 4. Gi&agrave;y Louis Vuitton. 5. K&iacute;nh m&aacute;t Mango. 6. T&uacute;i x&aacute;ch Nine West. 7. Gi&agrave;y Nike. 8. K&iacute;nh m&aacute;t phi c&ocirc;ng (Aviator) Mango.</p>\r\n</div>\r\n</div>', 'Gần đây Gigi Hadid liên tục nhắc đến trong danh sách những “it girl” mới của sàn diễn và mạng xã hội . Không chỉ thu hút ống kính với những bộ cánh tuyệt đối gợi cảm trên thảm đỏ, Gigi còn chinh phục giới trẻ với phong cách street style đậm chất thành thị', 1, '2015-08-26 21:29:37', '2015-08-26 21:29:37');

-- --------------------------------------------------------

--
-- Table structure for table `newscomment`
--

CREATE TABLE IF NOT EXISTS `newscomment` (
  `id` int(11) NOT NULL,
  `news_id` int(11) NOT NULL,
  `name` varchar(255) NOT NULL,
  `email` varchar(255) NOT NULL,
  `content` text NOT NULL,
  `created_at` timestamp NOT NULL DEFAULT CURRENT_TIMESTAMP ON UPDATE CURRENT_TIMESTAMP,
  `updated_at` timestamp NOT NULL DEFAULT '0000-00-00 00:00:00'
) ENGINE=InnoDB AUTO_INCREMENT=5 DEFAULT CHARSET=utf8;

--
-- Dumping data for table `newscomment`
--

INSERT INTO `newscomment` (`id`, `news_id`, `name`, `email`, `content`, `created_at`, `updated_at`) VALUES
(1, 5, 'Hoàng Linh Nhung', 'nhunght@smartosc.com', 'Hay quá', '2015-08-26 21:04:24', '2015-08-26 21:04:24'),
(2, 5, 'Dương Hà Linh', 'duonghalinh@gmail.com', 'tuyệt vời. cám ơn <3', '2015-08-26 21:24:42', '2015-08-26 21:24:42'),
(3, 6, 'Hoàng Linh Nhung', 'admin@oreju.com', 'Hay', '2015-08-26 23:28:01', '2015-08-26 23:28:01'),
(4, 6, 'Hoàng Linh Nhung', 'admin@oreju.com', 'fail nặng rồi', '2015-09-08 23:39:39', '2015-09-08 23:39:39');

-- --------------------------------------------------------

--
-- Table structure for table `order`
--

CREATE TABLE IF NOT EXISTS `order` (
  `id` int(10) unsigned NOT NULL,
  `name` varchar(255) COLLATE utf8_unicode_ci NOT NULL,
  `email` varchar(255) COLLATE utf8_unicode_ci NOT NULL,
  `phone` int(11) NOT NULL,
  `address` varchar(255) COLLATE utf8_unicode_ci NOT NULL,
  `total` double NOT NULL,
  `status` int(11) NOT NULL,
  `active_order` varchar(255) COLLATE utf8_unicode_ci NOT NULL,
  `created_at` timestamp NOT NULL DEFAULT '0000-00-00 00:00:00',
  `updated_at` timestamp NOT NULL DEFAULT '0000-00-00 00:00:00',
  `shipped_date` date NOT NULL
) ENGINE=InnoDB AUTO_INCREMENT=5 DEFAULT CHARSET=utf8 COLLATE=utf8_unicode_ci;

--
-- Dumping data for table `order`
--

INSERT INTO `order` (`id`, `name`, `email`, `phone`, `address`, `total`, `status`, `active_order`, `created_at`, `updated_at`, `shipped_date`) VALUES
(1, 'Hoang Thi Nhung', 'nhunght@smartosc.com', 987004294, 'Hà Nội', 1220000, 2, 'be61896ed16612b4fa956282a2b99035', '2015-09-08 23:21:54', '2015-09-08 23:24:21', '2015-09-09'),
(2, 'Hoang Thi Nhung', 'nhunght@smartosc.com', 987004294, 'Hà Nội', 205000, 1, '02a2f742a7af3d0499a995fe0ce5a2bd', '2015-09-08 23:23:29', '2015-09-08 23:23:54', '0000-00-00'),
(3, 'Hoàng Việt Anh', 'nhunght@smartosc.com', 987004294, 'Đa Phú 2 - Thống Nhất - Hưng Hà - Thái Bình', 1024000, 0, 'e13742a7123b861f2f4d811fc68d5803', '2015-09-08 23:46:54', '2015-09-08 23:46:54', '0000-00-00'),
(4, 'Hoang Thi Nhung', 'nhunght@smartosc.com', 987004294, 'Đa Phú 2 - Thống Nhất - Hưng Hà - Thái Bình', 209000, 1, '89e36d82ea9dccdc73cf15ce3865d46d', '2015-09-09 00:23:33', '2015-09-09 00:24:23', '0000-00-00');

-- --------------------------------------------------------

--
-- Table structure for table `order_detail`
--

CREATE TABLE IF NOT EXISTS `order_detail` (
  `id` int(10) unsigned NOT NULL,
  `product_id` int(10) unsigned NOT NULL,
  `order_id` int(11) NOT NULL,
  `quantity` int(11) NOT NULL,
  `price` double NOT NULL,
  `color_id` int(11) NOT NULL,
  `size_id` int(11) NOT NULL,
  `discount` double NOT NULL,
  `created_at` timestamp NOT NULL DEFAULT '0000-00-00 00:00:00',
  `updated_at` timestamp NOT NULL DEFAULT '0000-00-00 00:00:00'
) ENGINE=InnoDB AUTO_INCREMENT=8 DEFAULT CHARSET=utf8 COLLATE=utf8_unicode_ci;

--
-- Dumping data for table `order_detail`
--

INSERT INTO `order_detail` (`id`, `product_id`, `order_id`, `quantity`, `price`, `color_id`, `size_id`, `discount`, `created_at`, `updated_at`) VALUES
(1, 6, 1, 3, 810000, 10, 3, 0, '2015-09-08 23:22:00', '2015-09-08 23:22:00'),
(2, 5, 1, 1, 390000, 14, 6, 0, '2015-09-08 23:22:00', '2015-09-08 23:22:00'),
(3, 3, 2, 1, 185000, 0, 0, 0, '2015-09-08 23:23:32', '2015-09-08 23:23:32'),
(4, 6, 3, 2, 540000, 0, 0, 0, '2015-09-08 23:46:58', '2015-09-08 23:46:58'),
(5, 7, 3, 1, 279000, 0, 0, 0, '2015-09-08 23:46:58', '2015-09-08 23:46:58'),
(6, 3, 3, 1, 185000, 0, 0, 0, '2015-09-08 23:46:58', '2015-09-08 23:46:58'),
(7, 1, 4, 1, 189000, 3, 6, 0, '2015-09-09 00:23:37', '2015-09-09 00:23:37');

-- --------------------------------------------------------

--
-- Table structure for table `password_resets`
--

CREATE TABLE IF NOT EXISTS `password_resets` (
  `email` varchar(255) COLLATE utf8_unicode_ci NOT NULL,
  `token` varchar(255) COLLATE utf8_unicode_ci NOT NULL,
  `created_at` timestamp NOT NULL DEFAULT '0000-00-00 00:00:00'
) ENGINE=InnoDB DEFAULT CHARSET=utf8 COLLATE=utf8_unicode_ci;

-- --------------------------------------------------------

--
-- Table structure for table `permission`
--

CREATE TABLE IF NOT EXISTS `permission` (
  `id` int(10) unsigned NOT NULL,
  `route` varchar(255) COLLATE utf8_unicode_ci NOT NULL,
  `created_at` timestamp NOT NULL DEFAULT '0000-00-00 00:00:00',
  `updated_at` timestamp NOT NULL DEFAULT '0000-00-00 00:00:00'
) ENGINE=InnoDB DEFAULT CHARSET=utf8 COLLATE=utf8_unicode_ci;

-- --------------------------------------------------------

--
-- Table structure for table `product`
--

CREATE TABLE IF NOT EXISTS `product` (
  `id` int(10) unsigned NOT NULL,
  `name` varchar(255) COLLATE utf8_unicode_ci NOT NULL,
  `image` varchar(255) COLLATE utf8_unicode_ci NOT NULL,
  `price` double NOT NULL,
  `promotion` text COLLATE utf8_unicode_ci NOT NULL,
  `quantity` int(11) NOT NULL,
  `color` varchar(45) COLLATE utf8_unicode_ci NOT NULL,
  `size` varchar(10) COLLATE utf8_unicode_ci NOT NULL,
  `category_id` int(10) unsigned NOT NULL,
  `status` varchar(45) COLLATE utf8_unicode_ci NOT NULL,
  `description` text COLLATE utf8_unicode_ci NOT NULL,
  `created_at` timestamp NOT NULL DEFAULT '0000-00-00 00:00:00',
  `updated_at` timestamp NOT NULL DEFAULT '0000-00-00 00:00:00',
  `SKU` varchar(10) COLLATE utf8_unicode_ci NOT NULL
) ENGINE=InnoDB AUTO_INCREMENT=11 DEFAULT CHARSET=utf8 COLLATE=utf8_unicode_ci;

--
-- Dumping data for table `product`
--

INSERT INTO `product` (`id`, `name`, `image`, `price`, `promotion`, `quantity`, `color`, `size`, `category_id`, `status`, `description`, `created_at`, `updated_at`, `SKU`) VALUES
(1, 'Đầm cổ bèo vintage', 'pro55ec033c01763.jpg', 189000, 'Đầm cổ bèo vintage dễ thương, sang trọng, trẻ trung và thời trang trị giá 300.000 VNĐ nay chỉ còn 189.000 VNĐ', 10, '', '', 5, '1', '<p style="box-sizing: border-box; margin: 0px 0px 20px; padding: 0px; border: 0px; outline: 0px; vertical-align: baseline; font-family: Roboto, Arial, Helvetica, sans-serif; font-size: 17px; line-height: 25.5px; background: transparent;"><span style="box-sizing: border-box; margin: 0px; padding: 0px; border: 0px; outline: 0px; vertical-align: baseline; font-size: 16px; background: transparent;">Một sản phẩm&nbsp;<strong>đầm x&ograve;e nữ</strong>&nbsp;c&oacute; thiết kế lạ mắt với cổ b&egrave;o m&agrave;u trắng&nbsp;c&aacute;ch điệu phối nơ nổi bật tr&ecirc;n nền đen c&aacute; t&iacute;nh, hiện đại v&agrave; quyến rũ, kh&ocirc;ng tay tho&aacute;ng m&aacute;t, thoải m&aacute;i, chất liệu cao cấp, mịn nhẹ, ph&ugrave; hợp nhiều v&oacute;c d&aacute;ng, form chuẩn đẹp, vừa&nbsp;người mặc. Ngo&agrave;i ra, với chiếc&nbsp;<em style="box-sizing: border-box; margin: 0px; padding: 0px; border: 0px; outline: 0px; vertical-align: baseline; background: transparent;"><strong style="box-sizing: border-box; margin: 0px; padding: 0px; border: 0px; outline: 0px; vertical-align: baseline; background: transparent;">đầm x&ograve;e&nbsp;cổ c&aacute;ch điệu&nbsp;</strong></em>n&agrave;y bạn g&aacute;i c&oacute; thể mặc trong nhiều dịp kh&aacute;c nhau như đi chơi, dạo phố, hẹn h&ograve; ....&nbsp;</span></p>\n<p style="box-sizing: border-box; margin: 0px 0px 20px; padding: 0px; border: 0px; outline: 0px; vertical-align: baseline; font-family: Roboto, Arial, Helvetica, sans-serif; font-size: 17px; line-height: 25.5px; text-align: center; background: transparent;">&nbsp;<img src="../../Oreju/upload/product-info/01/TB28P0fdFXXXXXAXXXXXXXXXXXX_!!332975053.jpg" alt="" /></p>\n<p style="box-sizing: border-box; margin: 0px 0px 20px; padding: 0px; border: 0px; outline: 0px; vertical-align: baseline; font-family: Roboto, Arial, Helvetica, sans-serif; font-size: 17px; line-height: 25.5px; text-align: center; background: transparent;"><img src="../../Oreju/upload/product-info/01/TB2LTMZcpXXXXa3XXXXXXXXXXXX_!!332975053.jpg" alt="" /></p>\n<p style="box-sizing: border-box; margin: 0px 0px 20px; padding: 0px; border: 0px; outline: 0px; vertical-align: baseline; font-family: Roboto, Arial, Helvetica, sans-serif; font-size: 17px; line-height: 25.5px; text-align: center; background: transparent;"><img src="../../Oreju/upload/product-info/01/TB2Ll3WcpXXXXb7XXXXXXXXXXXX_!!332975053.jpg" alt="" /></p>\n<div style="box-sizing: border-box; margin: 0px; padding: 0px; border: 0px; outline: 0px; vertical-align: baseline; font-family: ''Segoe UI'', Arial; font-size: 12px; background: transparent;"><span style="box-sizing: border-box; margin: 0px; padding: 0px; border: 0px; outline: 0px; vertical-align: baseline; font-size: 16px; background: transparent;"><strong style="box-sizing: border-box; margin: 0px; padding: 0px; border: 0px; outline: 0px; vertical-align: baseline; background: transparent;">Th&ocirc;ng tin sản phẩm</strong></span></div>\n<div style="box-sizing: border-box; margin: 0px; padding: 0px; border: 0px; outline: 0px; vertical-align: baseline; font-family: ''Segoe UI'', Arial; font-size: 12px; background: transparent;"><span style="box-sizing: border-box; margin: 0px; padding: 0px; border: 0px; outline: 0px; vertical-align: baseline; font-size: 16px; background: transparent;">T&ecirc;n sản phẩm: &nbsp;Đầm cổ b&egrave;o vintage</span></div>\n<div style="box-sizing: border-box; margin: 0px; padding: 0px; border: 0px; outline: 0px; vertical-align: baseline; font-family: ''Segoe UI'', Arial; font-size: 12px; background: transparent;">\n\n</div>\n<div style="box-sizing: border-box; margin: 0px; padding: 0px; border: 0px; outline: 0px; vertical-align: baseline; font-family: ''Segoe UI'', Arial; font-size: 12px; text-align: center; background: transparent;">&nbsp;</div>\n<p style="box-sizing: border-box; margin: 0px 0px 20px; padding: 0px; border: 0px; outline: 0px; vertical-align: baseline; font-family: Roboto, Arial, Helvetica, sans-serif; font-size: 17px; line-height: 25.5px; text-align: center; background: transparent;"><img src="../../Oreju/upload/product-info/01/TB2aJo1cpXXXXaaXXXXXXXXXXXX_!!332975053.jpg" alt="" /></p>\n<p style="box-sizing: border-box; margin: 0px 0px 20px; padding: 0px; border: 0px; outline: 0px; vertical-align: baseline; font-family: Roboto, Arial, Helvetica, sans-serif; font-size: 17px; line-height: 25.5px; text-align: center; background: transparent;"><img src="../../Oreju/upload/product-info/01/TB2hCUUcpXXXXXcXpXXXXXXXXXX_!!332975053.jpg" alt="" /></p>\n<p style="box-sizing: border-box; margin: 0px 0px 20px; padding: 0px; border: 0px; outline: 0px; vertical-align: baseline; font-family: Roboto, Arial, Helvetica, sans-serif; font-size: 17px; line-height: 25.5px; text-align: center; background: transparent;"><img src="../../Oreju/upload/product-info/01/TB2hNcUcpXXXXXwXpXXXXXXXXXX_!!332975053.jpg" alt="" /></p>\n<p style="box-sizing: border-box; margin: 0px 0px 20px; padding: 0px; border: 0px; outline: 0px; vertical-align: baseline; font-family: Roboto, Arial, Helvetica, sans-serif; font-size: 17px; line-height: 25.5px; text-align: center; background: transparent;"><img src="../../Oreju/upload/product-info/01/TB2i2ZQcpXXXXbVXpXXXXXXXXXX_!!332975053.jpg" alt="" /></p>', '2015-09-06 02:11:24', '2015-09-06 02:11:24', 'D6815'),
(2, 'Đầm body ren cổ trụ', 'pro55ec0524d615e.jpg', 350000, 'Đầm body ren cổ trụ mang đến vẻ đẹp cá tính, trẻ trung, quyến rũ trị giá 550.000 VNĐ nay chỉ còn 350.000 VNĐ.', 10, '', '', 5, '1', '<p style="box-sizing: border-box; margin: 0px 0px 20px; padding: 0px; border: 0px; outline: 0px; vertical-align: baseline; font-family: Roboto, Arial, Helvetica, sans-serif; font-size: 17px; line-height: 25.5px; background: transparent;"><span style="box-sizing: border-box; margin: 0px; padding: 0px; border: 0px; outline: 0px; vertical-align: baseline; font-size: 16px; background: transparent;"><span style="box-sizing: border-box; margin: 0px; padding: 0px; border: 0px; outline: 0px; vertical-align: baseline; font-family: arial, helvetica, sans-serif; background: transparent;"><span style="box-sizing: border-box; margin: 0px; padding: 0px; border: 0px; outline: 0px; vertical-align: baseline; color: #222222; background: transparent;">Chất liệu ren được biết tới như một sự quyến rũ kỳ diệu trong khi&nbsp;<strong style="box-sizing: border-box; margin: 0px; padding: 0px; border: 0px; outline: 0px; vertical-align: baseline; background: transparent;">đầm body</strong>&nbsp;</span><span style="box-sizing: border-box; margin: 0px; padding: 0px; border: 0px; outline: 0px; vertical-align: baseline; color: #222222; background: transparent;">th&igrave; khoe đường cong gợi cảm. C&ograve;n g&igrave; quyến rũ hơn những kiểu<strong style="box-sizing: border-box; margin: 0px; padding: 0px; border: 0px; outline: 0px; vertical-align: baseline; background: transparent;"> đầm body phối ren</strong>&nbsp;&ndash; style quyến rũ hai trong một.</span></span></span></p>\n<p style="box-sizing: border-box; margin: 0px 0px 20px; padding: 0px; border: 0px; outline: 0px; vertical-align: baseline; font-family: Roboto, Arial, Helvetica, sans-serif; font-size: 17px; line-height: 25.5px; text-align: center; background: transparent;"><img src="../../Oreju/upload/product-info/02/TB2.xLUcVXXXXX4XpXXXXXXXXXX_!!2470916206.jpg" alt="" />&nbsp;</p>\n<p style="box-sizing: border-box; margin: 0px 0px 20px; padding: 0px; border: 0px; outline: 0px; vertical-align: baseline; font-family: Roboto, Arial, Helvetica, sans-serif; font-size: 17px; line-height: 25.5px; text-align: center; background: transparent;"><img src="../../Oreju/upload/product-info/02/TB22JPTcVXXXXXOXpXXXXXXXXXX_!!2470916206.jpg" alt="" /></p>\n<div style="box-sizing: border-box; margin: 0px; padding: 0px; border: 0px; outline: 0px; vertical-align: baseline; font-family: ''Segoe UI'', Arial; font-size: 12px; line-height: 20.8px; background: transparent;"><span style="box-sizing: border-box; margin: 0px; padding: 0px; border: 0px; outline: 0px; vertical-align: baseline; font-size: 16px; background: transparent;"><span style="box-sizing: border-box; margin: 0px; padding: 0px; border: 0px; outline: 0px; vertical-align: baseline; font-family: arial, helvetica, sans-serif; background: transparent;"><strong style="box-sizing: border-box; margin: 0px; padding: 0px; border: 0px; outline: 0px; vertical-align: baseline; background: transparent;">Th&ocirc;ng tin sản phẩm</strong></span></span></div>\n<div style="box-sizing: border-box; margin: 0px; padding: 0px; border: 0px; outline: 0px; vertical-align: baseline; font-family: ''Segoe UI'', Arial; font-size: 12px; line-height: 20.8px; background: transparent;"><span style="box-sizing: border-box; margin: 0px; padding: 0px; border: 0px; outline: 0px; vertical-align: baseline; font-size: 16px; background: transparent;"><span style="box-sizing: border-box; margin: 0px; padding: 0px; border: 0px; outline: 0px; vertical-align: baseline; font-family: arial, helvetica, sans-serif; background: transparent;">T&ecirc;n sản phẩm:&nbsp;<strong style="box-sizing: border-box; margin: 0px; padding: 0px; border: 0px; outline: 0px; vertical-align: baseline; background: transparent;">Đầm body ren cổ trụ</strong></span></span></div>\n<div style="box-sizing: border-box; margin: 0px; padding: 0px; border: 0px; outline: 0px; vertical-align: baseline; font-family: ''Segoe UI'', Arial; font-size: 12px; line-height: 20.8px; text-align: center; background: transparent;">\n\n<p style="box-sizing: border-box; margin: 0px 0px 20px; padding: 0px; border: 0px; outline: 0px; vertical-align: baseline; background: transparent;">&nbsp;</p>\n<p style="box-sizing: border-box; margin: 0px 0px 20px; padding: 0px; border: 0px; outline: 0px; vertical-align: baseline; background: transparent;"><img src="../../Oreju/upload/product-info/02/TB2C7P5cVXXXXcdXXXXXXXXXXXX_!!2470916206.jpg" alt="" />&nbsp;</p>\n<p style="box-sizing: border-box; margin: 0px 0px 20px; padding: 0px; border: 0px; outline: 0px; vertical-align: baseline; background: transparent;">&nbsp;</p>\n<p style="box-sizing: border-box; margin: 0px 0px 20px; padding: 0px; border: 0px; outline: 0px; vertical-align: baseline; text-align: left; background: transparent;"><span style="box-sizing: border-box; margin: 0px; padding: 0px; border: 0px; outline: 0px; vertical-align: baseline; font-size: 16px; background: transparent;"><span style="box-sizing: border-box; margin: 0px; padding: 0px; border: 0px; outline: 0px; vertical-align: baseline; font-family: arial, helvetica, sans-serif; background: transparent;"><span style="box-sizing: border-box; margin: 0px; padding: 0px; border: 0px; outline: 0px; vertical-align: baseline; color: #222222; background: transparent;">Những kiểu ren phối thường l&agrave; ren lưới mỏng sexy hoặc ren sợi hoa l&agrave;m đường diềm của v&aacute;y &aacute;o. Cũng tương tự vậy, c&aacute;c mẫu đầm phối ren thường sử dụng ren&nbsp;m&agrave;u đen hoặc trắng tạo n&ecirc;n những n&eacute;t gợi cảm của những kiểu đầm sexy, quyến rũ. Với chiếc<em style="box-sizing: border-box; margin: 0px; padding: 0px; border: 0px; outline: 0px; vertical-align: baseline; background: transparent;"><strong style="box-sizing: border-box; margin: 0px; padding: 0px; border: 0px; outline: 0px; vertical-align: baseline; background: transparent;">&nbsp;đầm body ren cổ trụ</strong></em>&nbsp;n&agrave;y được tạo n&ecirc;n từ chất liệu ren 2 lớp (c&oacute; l&oacute;t) cao cấp v&agrave; đẹp mắt.</span></span></span></p>\n<p style="box-sizing: border-box; margin: 0px 0px 20px; padding: 0px; border: 0px; outline: 0px; vertical-align: baseline; background: transparent;"><span style="box-sizing: border-box; margin: 0px; padding: 0px; border: 0px; outline: 0px; vertical-align: baseline; font-size: 16px; background: transparent;"><span style="box-sizing: border-box; margin: 0px; padding: 0px; border: 0px; outline: 0px; vertical-align: baseline; font-family: arial, helvetica, sans-serif; background: transparent;"><span style="box-sizing: border-box; margin: 0px; padding: 0px; border: 0px; outline: 0px; vertical-align: baseline; color: #222222; background: transparent;"><img src="../../Oreju/upload/product-info/02/TB2nWzYcVXXXXXOXpXXXXXXXXXX_!!2470916206.jpg" alt="" /></span></span></span></p>\n</div>', '2015-09-06 02:19:32', '2015-09-06 02:19:32', 'D6796'),
(3, 'Đầm xòe cổ yếm Hàn quốc', 'pro55ed37dea3b75.jpg', 185000, 'Đầm xòe cổ yếm Hàn quốc trẻ trung, cực dễ thương, xinh xắn trị giá 250.000 VNĐ nay chỉ còn 185.000 VNĐ.', 10, '', '', 5, '2', '<p style="box-sizing: border-box; margin: 0px 0px 20px; padding: 0px; border: 0px; outline: 0px; vertical-align: baseline; font-family: Roboto, Arial, Helvetica, sans-serif; font-size: 17px; line-height: 25.5px; background: transparent;"><span style="box-sizing: border-box; margin: 0px; padding: 0px; border: 0px; outline: 0px; vertical-align: baseline; font-size: 16px; background: transparent;"><em style="box-sizing: border-box; margin: 0px; padding: 0px; border: 0px; outline: 0px; vertical-align: baseline; background: transparent;"><strong style="box-sizing: border-box; margin: 0px; padding: 0px; border: 0px; outline: 0px; vertical-align: baseline; background: transparent;">Đầm x&ograve;e cổ yếm H&agrave;n quốc</strong></em>&nbsp;l&agrave; sự lựa chọn tuyệt vời cho c&aacute;c bạn g&aacute;i muốn khoe bờ vai trần mượt m&agrave;, đẹp mắt của m&igrave;nh c&ugrave;ng chiếc cổ cao trắng ngằn, xinh xắn với gam m&agrave;u cam cực kỳ t&ocirc;n da v&agrave; sắc trắng tinh kh&ocirc;i nhẹ nh&agrave;ng, chắc chắn c&aacute;c n&agrave;ng sẽ cảm thấy h&agrave;i l&ograve;ng tuyệt đối với sản phẩm&nbsp;<strong style="box-sizing: border-box; margin: 0px; padding: 0px; border: 0px; outline: 0px; vertical-align: baseline; background: transparent;">đầm x&ograve;e H&agrave;n quốc&nbsp;</strong>n&agrave;y nh&eacute;.&nbsp;</span></p>\n<p style="box-sizing: border-box; margin: 0px 0px 20px; padding: 0px; border: 0px; outline: 0px; vertical-align: baseline; font-family: Roboto, Arial, Helvetica, sans-serif; font-size: 17px; line-height: 25.5px; text-align: center; background: transparent;"><img src="../../Oreju/upload/product-info/03/TB2.MEbdXXXXXckXXXXXXXXXXXX_!!156406370.jpg" alt="" />&nbsp;</p>\n<p style="box-sizing: border-box; margin: 0px 0px 20px; padding: 0px; border: 0px; outline: 0px; vertical-align: baseline; font-family: Roboto, Arial, Helvetica, sans-serif; font-size: 17px; line-height: 25.5px; text-align: center; background: transparent;"><img src="../../Oreju/upload/product-info/03/14dhcd_ie2dkyzwgbrwezlegizdambqgiyde_750x1025.jpg_880x999.jpg" alt="" /></p>\n<p style="box-sizing: border-box; margin: 0px 0px 20px; padding: 0px; border: 0px; outline: 0px; vertical-align: baseline; font-family: Roboto, Arial, Helvetica, sans-serif; font-size: 17px; line-height: 25.5px; text-align: center; background: transparent;"><img src="../../Oreju/upload/product-info/03/14dhcd_ieytoztggfrgezlegizdambqmeyde_750x1025.jpg_880x999.jpg" alt="" /></p>\n<div style="box-sizing: border-box; margin: 0px; padding: 0px; border: 0px; outline: 0px; vertical-align: baseline; font-family: ''Segoe UI'', Arial; font-size: 12px; background: transparent;"><span style="box-sizing: border-box; margin: 0px; padding: 0px; border: 0px; outline: 0px; vertical-align: baseline; font-size: 16px; background: transparent;"><strong style="box-sizing: border-box; margin: 0px; padding: 0px; border: 0px; outline: 0px; vertical-align: baseline; background: transparent;">Th&ocirc;ng tin sản phẩm</strong></span></div>\n<div style="box-sizing: border-box; margin: 0px; padding: 0px; border: 0px; outline: 0px; vertical-align: baseline; font-family: ''Segoe UI'', Arial; font-size: 12px; background: transparent;"><span style="box-sizing: border-box; margin: 0px; padding: 0px; border: 0px; outline: 0px; vertical-align: baseline; font-size: 16px; background: transparent;">T&ecirc;n sản phẩm: &nbsp;Đầm x&ograve;e cổ yếm</span></div>\n<div style="box-sizing: border-box; margin: 0px; padding: 0px; border: 0px; outline: 0px; vertical-align: baseline; font-family: ''Segoe UI'', Arial; font-size: 12px; background: transparent;">\n\n</div>\n<div style="box-sizing: border-box; margin: 0px; padding: 0px; border: 0px; outline: 0px; vertical-align: baseline; font-family: ''Segoe UI'', Arial; font-size: 12px; text-align: center; background: transparent;">&nbsp;</div>\n<div style="box-sizing: border-box; margin: 0px; padding: 0px; border: 0px; outline: 0px; vertical-align: baseline; font-family: ''Segoe UI'', Arial; font-size: 12px; text-align: center; background: transparent;">&nbsp;</div>\n<div style="box-sizing: border-box; margin: 0px; padding: 0px; border: 0px; outline: 0px; vertical-align: baseline; font-family: ''Segoe UI'', Arial; font-size: 12px; text-align: center; background: transparent;">&nbsp;<img src="../../Oreju/upload/product-info/03/TB22wHVdXXXXXXaXXXXXXXXXXXX_!!156406370.jpg" alt="" /></div>\n<div style="box-sizing: border-box; margin: 0px; padding: 0px; border: 0px; outline: 0px; vertical-align: baseline; font-family: ''Segoe UI'', Arial; font-size: 12px; text-align: center; background: transparent;"><img src="../../Oreju/upload/product-info/03/TB2nIHydXXXXXasXpXXXXXXXXXX_!!156406370.jpg" alt="" /></div>', '2015-09-07 00:08:14', '2015-09-07 00:08:14', 'D6823'),
(4, 'Đầm công chúa hoa cúp ngực', 'pro55ed391b8ba5e.jpg', 330000, 'Đầm công chúa hoa cúp ngực mang lại nét sang trọng thanh lịch cho các bạn gái trị giá 450.000 VNĐ nay chỉ còn 330.000 VNĐ.', 10, '', '', 5, '2', '<p style="box-sizing: border-box; margin: 0px 0px 20px; padding: 0px; border: 0px; outline: 0px; vertical-align: baseline; font-family: Roboto, Arial, Helvetica, sans-serif; font-size: 17px; line-height: 25.5px; background: transparent;"><span style="box-sizing: border-box; margin: 0px; padding: 0px; border: 0px; outline: 0px; vertical-align: baseline; font-size: 16px; background: transparent;">M&ugrave;a thu đang dần đi qua để ch&agrave;o đ&oacute;n một m&ugrave;a đ&ocirc;ng nữa lại đến. C&aacute;c bạn g&aacute;i h&atilde;y cứ x&uacute;ng x&iacute;nh với&nbsp;<strong style="box-sizing: border-box; margin: 0px; padding: 0px; border: 0px; outline: 0px; vertical-align: baseline; background: transparent;">&aacute;o - v&aacute;y - đầm&nbsp;</strong>nhưng đừng qu&ecirc;n sắm th&ecirc;m cho m&igrave;nh một chiếc&nbsp;<a style="box-sizing: border-box; color: rgb(237, 20, 91); text-decoration: none; margin: 0px; padding: 0px; border: 0px; outline: none; vertical-align: baseline; background: transparent;" href="http://www.remoingay.com/thoi-trang-nu/dam-thoi-trang/dam-da-tiec.html"><strong style="box-sizing: border-box; margin: 0px; padding: 0px; border: 0px; outline: 0px; vertical-align: baseline; background: transparent;">đầm dự tiệc</strong></a>&nbsp;để vừa t&ocirc;n l&ecirc;n vẻ đẹp&nbsp;cho cơ thể lại trong những buổi tiệc thật lung linh,&nbsp;cũng như&nbsp;c&aacute; t&iacute;nh thời trang khi được phối c&ugrave;ng nhiều trang phục v&agrave; phụ kiện đẹp nh&eacute;.&nbsp;</span></p>\n<p style="box-sizing: border-box; margin: 0px 0px 20px; padding: 0px; border: 0px; outline: 0px; vertical-align: baseline; font-family: Roboto, Arial, Helvetica, sans-serif; font-size: 17px; line-height: 25.5px; text-align: center; background: transparent;"><img style="box-sizing: border-box; border: 0px; vertical-align: middle; margin: 0px; padding: 0px; outline: 0px; max-width: 100%; background: transparent;" src="http://www.remoingay.com/uploads/news/images/0805/1(3).jpg" alt="" /></p>\n<p style="box-sizing: border-box; margin: 0px 0px 20px; padding: 0px; border: 0px; outline: 0px; vertical-align: baseline; font-family: Roboto, Arial, Helvetica, sans-serif; font-size: 17px; line-height: 25.5px; text-align: center; background: transparent;"><img style="box-sizing: border-box; border: 0px; vertical-align: middle; margin: 0px; padding: 0px; outline: 0px; max-width: 100%; background: transparent;" src="http://www.remoingay.com/uploads/news/images/0805/2(2).jpg" alt="" /></p>\n<p style="box-sizing: border-box; margin: 0px 0px 20px; padding: 0px; border: 0px; outline: 0px; vertical-align: baseline; font-family: Roboto, Arial, Helvetica, sans-serif; font-size: 17px; line-height: 25.5px; text-align: center; background: transparent;"><img style="box-sizing: border-box; border: 0px; vertical-align: middle; margin: 0px; padding: 0px; outline: 0px; max-width: 100%; background: transparent;" src="http://www.remoingay.com/uploads/news/images/0805/3_3.jpg" alt="" /></p>\n<div style="box-sizing: border-box; margin: 0px; padding: 0px; border: 0px; outline: 0px; vertical-align: baseline; font-family: ''Segoe UI'', Arial; font-size: 11.8182px; background: transparent;"><span style="box-sizing: border-box; margin: 0px; padding: 0px; border: 0px; outline: 0px; vertical-align: baseline; font-size: 16px; background: transparent;"><span style="box-sizing: border-box; margin: 0px; padding: 0px; border: 0px; outline: 0px; vertical-align: baseline; font-family: arial, helvetica, sans-serif; background: transparent;"><strong style="box-sizing: border-box; margin: 0px; padding: 0px; border: 0px; outline: 0px; vertical-align: baseline; background: transparent;">Th&ocirc;ng tin sản phẩm</strong></span></span></div>\n<div style="box-sizing: border-box; margin: 0px; padding: 0px; border: 0px; outline: 0px; vertical-align: baseline; font-family: ''Segoe UI'', Arial; font-size: 11.8182px; background: transparent;"><span style="box-sizing: border-box; margin: 0px; padding: 0px; border: 0px; outline: 0px; vertical-align: baseline; font-size: 16px; background: transparent;"><span style="box-sizing: border-box; margin: 0px; padding: 0px; border: 0px; outline: 0px; vertical-align: baseline; font-family: arial, helvetica, sans-serif; background: transparent;">T&ecirc;n sản phẩm:&nbsp;<strong style="box-sizing: border-box; margin: 0px; padding: 0px; border: 0px; outline: 0px; vertical-align: baseline; background: transparent;">&nbsp;Đầm c&ocirc;ng ch&uacute;a hoa c&uacute;p ngực</strong></span></span></div>\n<div style="box-sizing: border-box; margin: 0px; padding: 0px; border: 0px; outline: 0px; vertical-align: baseline; font-family: ''Segoe UI'', Arial; font-size: 12px; background: transparent;">\n\n<p style="box-sizing: border-box; margin: 0px 0px 20px; padding: 0px; border: 0px; outline: 0px; vertical-align: baseline; text-align: center; background: transparent;">&nbsp;</p>\n<p style="box-sizing: border-box; margin: 0px 0px 20px; padding: 0px; border: 0px; outline: 0px; vertical-align: baseline; text-align: center; background: transparent;">&nbsp;</p>\n<p style="box-sizing: border-box; margin: 0px 0px 20px; padding: 0px; border: 0px; outline: 0px; vertical-align: baseline; text-align: center; background: transparent;"><img style="box-sizing: border-box; border: 0px; vertical-align: middle; margin: 0px; padding: 0px; outline: 0px; max-width: 100%; background: transparent;" src="http://www.remoingay.com/uploads/news/images/0805/4.jpg" alt="" /></p>\n<p style="box-sizing: border-box; margin: 0px 0px 20px; padding: 0px; border: 0px; outline: 0px; vertical-align: baseline; text-align: center; background: transparent;"><img style="box-sizing: border-box; border: 0px; vertical-align: middle; margin: 0px; padding: 0px; outline: 0px; max-width: 100%; background: transparent;" src="http://www.remoingay.com/uploads/news/images/0805/5(1).jpg" alt="" /></p>\n<p style="box-sizing: border-box; margin: 0px 0px 20px; padding: 0px; border: 0px; outline: 0px; vertical-align: baseline; background: transparent;"><span style="box-sizing: border-box; margin: 0px; padding: 0px; border: 0px; outline: 0px; vertical-align: baseline; font-size: 16px; background: transparent;"><span style="box-sizing: border-box; margin: 0px; padding: 0px; border: 0px; outline: 0px; vertical-align: baseline; font-family: arial, helvetica, sans-serif; background: transparent;">Với sản phẩm&nbsp;<em style="box-sizing: border-box; margin: 0px; padding: 0px; border: 0px; outline: 0px; vertical-align: baseline; background: transparent;"><strong style="box-sizing: border-box; margin: 0px; padding: 0px; border: 0px; outline: 0px; vertical-align: baseline; background: transparent;">đầm c&ocirc;ng ch&uacute;a hoa c&uacute;p ngực&nbsp;</strong></em>n&agrave;y bạn trẻ sẽ cảm thấy tự tin hơn khi s&aacute;nh bước b&ecirc;n người y&ecirc;u trong những bữa tiệc l&atilde;ng mạn&nbsp;như thế n&agrave;y nh&eacute;, gam m&agrave;u trắng tinh kh&ocirc;i, trong s&aacute;ng&nbsp;v&ocirc; c&ugrave;ng ph&ugrave; hợp để c&aacute;c n&agrave;ng thỏa th&iacute;ch phối c&ugrave;ng nhiều&nbsp;<em style="box-sizing: border-box; margin: 0px; padding: 0px; border: 0px; outline: 0px; vertical-align: baseline; background: transparent;"><strong style="box-sizing: border-box; margin: 0px; padding: 0px; border: 0px; outline: 0px; vertical-align: baseline; background: transparent;">&aacute;o kho&aacute;c nữ cao cấp</strong></em>,<em style="box-sizing: border-box; margin: 0px; padding: 0px; border: 0px; outline: 0px; vertical-align: baseline; background: transparent;"><strong style="box-sizing: border-box; margin: 0px; padding: 0px; border: 0px; outline: 0px; vertical-align: baseline; background: transparent;">&aacute;o kho&aacute;c cardigan</strong></em>&nbsp;kh&aacute;c nhau m&agrave; vẫn kh&ocirc;ng l&agrave;m mất form v&igrave; thiết kế l&ecirc;n form vừa người&nbsp;mặc, giữ d&aacute;ng tốt nh&eacute;.&nbsp;</span></span></p>\n</div>', '2015-09-07 00:13:31', '2015-09-07 00:13:31', 'D6818'),
(5, 'Áo khoác Manto kèm nịt', 'pro55ed3a4c97da3.jpg', 390000, 'Áo khoác Manto kèm nịt sang trọng thanh lịch trị giá 880.000 VNĐ nay chỉ còn 390 .000 VNĐ.', 10, '', '', 3, '3', '<p style="box-sizing: border-box; margin: 0px 0px 20px; padding: 0px; border: 0px; outline: 0px; vertical-align: baseline; font-family: Roboto, Arial, Helvetica, sans-serif; font-size: 17px; line-height: 25.5px; background: transparent;"><span style="box-sizing: border-box; margin: 0px; padding: 0px; border: 0px; outline: 0px; vertical-align: baseline; font-size: 16px; background: transparent;"><span style="box-sizing: border-box; margin: 0px; padding: 0px; border: 0px; outline: 0px; vertical-align: baseline; font-family: tahoma, geneva, sans-serif; background: transparent;">&Aacute;o kho&aacute;c Manto k&egrave;m nịt sang trọng thanh lịch l&agrave; sự lựa chọn v&ocirc; c&ugrave;ng ho&agrave;n hảo d&agrave;nh cho m&ugrave;a Thu &ndash; Đ&ocirc;ng năm nay.<br style="box-sizing: border-box;" />Thiết kế form d&agrave;i, cổ &aacute;o xếp lếp c&aacute;ch điệu, cầu vai phối ren xinh xắn, điểm nhấn l&agrave; hai h&agrave;ng n&uacute;t nổi bật tr&ecirc;n th&acirc;n trước của &aacute;o c&ugrave;ng với nịt tạo cảm gi&aacute;c sang trọng, chất liệu kaki d&agrave;y dặn gi&uacute;p giữ d&aacute;ng &aacute;o đẹp. Mang lại n&eacute;t thanh lịch, cuốn h&uacute;t nổi bật cho người mặc.</span></span></p>\n<p style="box-sizing: border-box; margin: 0px 0px 20px; padding: 0px; border: 0px; outline: 0px; vertical-align: baseline; font-family: Roboto, Arial, Helvetica, sans-serif; font-size: 17px; line-height: 25.5px; text-align: center; background: transparent;"><img style="box-sizing: border-box; border: 0px; vertical-align: middle; margin: 0px; padding: 0px; outline: 0px; max-width: 100%; background: transparent;" src="http://www.remoingay.com/uploads/news/images/1/ao-khoac-kaki-phoi-ren-vai-ak50-4.jpg" alt="" /></p>\n<div style="box-sizing: border-box; margin: 0px; padding: 0px; border: 0px; outline: 0px; vertical-align: baseline; font-family: ''Segoe UI'', Arial; font-size: 12px; background: transparent;"><span style="box-sizing: border-box; margin: 0px; padding: 0px; border: 0px; outline: 0px; vertical-align: baseline; font-size: 16px; background: transparent;"><strong style="box-sizing: border-box; margin: 0px; padding: 0px; border: 0px; outline: 0px; vertical-align: baseline; background: transparent;">Th&ocirc;ng tin sản phẩm</strong></span></div>\n<div style="box-sizing: border-box; margin: 0px; padding: 0px; border: 0px; outline: 0px; vertical-align: baseline; font-family: ''Segoe UI'', Arial; font-size: 12px; background: transparent;"><span style="box-sizing: border-box; margin: 0px; padding: 0px; border: 0px; outline: 0px; vertical-align: baseline; font-size: 16px; background: transparent;">T&ecirc;n sản phẩm: &Aacute;o kho&aacute;c manto k&egrave;m nịt</span></div>\n<div style="box-sizing: border-box; margin: 0px; padding: 0px; border: 0px; outline: 0px; vertical-align: baseline; font-family: ''Segoe UI'', Arial; font-size: 12px; background: transparent;">\n\n</div>\n<div style="box-sizing: border-box; margin: 0px; padding: 0px; border: 0px; outline: 0px; vertical-align: baseline; font-family: ''Segoe UI'', Arial; font-size: 12px; text-align: center; background: transparent;">&nbsp;</div>\n<p style="box-sizing: border-box; margin: 0px 0px 20px; padding: 0px; border: 0px; outline: 0px; vertical-align: baseline; font-family: Roboto, Arial, Helvetica, sans-serif; font-size: 17px; line-height: 25.5px; text-align: center; background: transparent;"><br style="box-sizing: border-box;" /><br style="box-sizing: border-box;" /><br style="box-sizing: border-box;" /></p>', '2015-09-07 00:18:36', '2015-09-07 00:18:36', 'D5251'),
(6, 'Đầm voan chân váy họa tiết mèo', 'pro55ed3b6b797e2.jpg', 270000, 'Đầm voan chân váy họa tiết mèo cao cấp duyên dáng, sang trọng và thời trang trị giá 350.000 VNĐ nay chỉ còn 270.000 VNĐ', 10, '', '', 5, '3', '<p style="box-sizing: border-box; margin: 0px 0px 20px; padding: 0px; border: 0px; outline: 0px; vertical-align: baseline; font-family: Roboto, Arial, Helvetica, sans-serif; font-size: 17px; line-height: 25.5px; background: transparent;"><span style="box-sizing: border-box; margin: 0px; padding: 0px; border: 0px; outline: 0px; vertical-align: baseline; font-size: 16px; background: transparent;">S&agrave;i g&ograve;n đỏng đảnh như một c&ocirc; g&aacute;i mới lớn, kh&oacute; chịu kh&oacute; chiều nhưng lại khiến ch&uacute;ng ta chẳng thể hết y&ecirc;u. Th&aacute;ng 7 bất chợt nắng, bất chợt mưa, l&agrave;m ph&aacute;i nữ lu&ocirc;n phải đau đầu suy nghĩ chọn trang phục mỗi khi ra ngo&agrave;i. Một chiếc&nbsp;<a style="box-sizing: border-box; color: #ed145b; text-decoration: none; margin: 0px; padding: 0px; border: 0px; outline: none; vertical-align: baseline; background: transparent;" href="http://www.remoingay.com/6519-dam-chan-vay-hoa-color.html">đầm voan nữ</a>&nbsp;với kiểu d&aacute;ng đơn giản, năng động nhưng vẫn nữ t&iacute;nh - xinh xắn v&agrave; đ&aacute;ng y&ecirc;u sẽ l&agrave; một sự lựa chọn v&ocirc; c&ugrave;ng tuyệt vời cho c&aacute;c n&agrave;ng nh&eacute;. Thế th&igrave; chiếc&nbsp;<strong style="box-sizing: border-box; margin: 0px; padding: 0px; border: 0px; outline: 0px; vertical-align: baseline; background: transparent;">đầm voan ch&acirc;n v&aacute;y họa tiết m&egrave;o</strong>&nbsp;n&agrave;y th&igrave; thế n&agrave;o nhỉ ???</span></p>\n<p style="box-sizing: border-box; margin: 0px 0px 20px; padding: 0px; border: 0px; outline: 0px; vertical-align: baseline; font-family: Roboto, Arial, Helvetica, sans-serif; font-size: 17px; line-height: 25.5px; text-align: center; background: transparent;"><span style="box-sizing: border-box; margin: 0px; padding: 0px; border: 0px; outline: 0px; vertical-align: baseline; font-size: 16px; background: transparent;"><img style="box-sizing: border-box; border: 0px; vertical-align: middle; margin: 0px; padding: 0px; outline: 0px; max-width: 100%; background: transparent;" src="http://www.remoingay.com/uploads/news/images/9/TB2MqJ4cpXXXXaIXXXXXXXXXXXX-263817957.jpg" alt="" /></span></p>\n<p style="box-sizing: border-box; margin: 0px 0px 20px; padding: 0px; border: 0px; outline: 0px; vertical-align: baseline; font-family: Roboto, Arial, Helvetica, sans-serif; font-size: 17px; line-height: 25.5px; text-align: center; background: transparent;"><img style="box-sizing: border-box; border: 0px; vertical-align: middle; margin: 0px; padding: 0px; outline: 0px; max-width: 100%; background: transparent;" src="http://www.remoingay.com/uploads/news/images/3/TB27iescXXXXXXbXXXXXXXXXXXX-263817957.jpg" alt="" /></p>\n<p style="box-sizing: border-box; margin: 0px 0px 20px; padding: 0px; border: 0px; outline: 0px; vertical-align: baseline; font-family: Roboto, Arial, Helvetica, sans-serif; font-size: 17px; line-height: 25.5px; text-align: center; background: transparent;"><img style="box-sizing: border-box; border: 0px; vertical-align: middle; margin: 0px; padding: 0px; outline: 0px; max-width: 100%; background: transparent;" src="http://www.remoingay.com/uploads/news/images/3/TB28fqqcXXXXXcMXXXXXXXXXXXX-263817957.jpg" alt="" /></p>\n<p style="box-sizing: border-box; margin: 0px 0px 20px; padding: 0px; border: 0px; outline: 0px; vertical-align: baseline; font-family: Roboto, Arial, Helvetica, sans-serif; font-size: 17px; line-height: 25.5px; text-align: center; background: transparent;"><img style="box-sizing: border-box; border: 0px; vertical-align: middle; margin: 0px; padding: 0px; outline: 0px; max-width: 100%; background: transparent;" src="http://www.remoingay.com/uploads/news/images/3/TB2E9qncXXXXXa1XpXXXXXXXXXX-263817957.jpg" alt="" /></p>\n<p style="box-sizing: border-box; margin: 0px 0px 20px; padding: 0px; border: 0px; outline: 0px; vertical-align: baseline; font-family: Roboto, Arial, Helvetica, sans-serif; font-size: 17px; line-height: 25.5px; text-align: center; background: transparent;"><img style="box-sizing: border-box; border: 0px; vertical-align: middle; margin: 0px; padding: 0px; outline: 0px; max-width: 100%; background: transparent;" src="http://www.remoingay.com/uploads/news/images/3/TB2KtSscXXXXXXzXXXXXXXXXXXX-263817957.jpg" alt="" /></p>\n<div style="box-sizing: border-box; margin: 0px; padding: 0px; border: 0px; outline: 0px; vertical-align: baseline; font-family: ''Segoe UI'', Arial; font-size: 12px; line-height: 20.8px; background: transparent;"><span style="box-sizing: border-box; margin: 0px; padding: 0px; border: 0px; outline: 0px; vertical-align: baseline; font-size: 16px; background: transparent;"><span style="box-sizing: border-box; margin: 0px; padding: 0px; border: 0px; outline: 0px; vertical-align: baseline; font-family: arial, helvetica, sans-serif; background: transparent;"><strong style="box-sizing: border-box; margin: 0px; padding: 0px; border: 0px; outline: 0px; vertical-align: baseline; background: transparent;">Th&ocirc;ng tin sản phẩm</strong></span></span></div>\n<div style="box-sizing: border-box; margin: 0px; padding: 0px; border: 0px; outline: 0px; vertical-align: baseline; font-family: ''Segoe UI'', Arial; font-size: 12px; line-height: 20.8px; background: transparent;"><span style="box-sizing: border-box; margin: 0px; padding: 0px; border: 0px; outline: 0px; vertical-align: baseline; font-size: 16px; background: transparent;"><span style="box-sizing: border-box; margin: 0px; padding: 0px; border: 0px; outline: 0px; vertical-align: baseline; font-family: arial, helvetica, sans-serif; background: transparent;">T&ecirc;n sản phẩm:&nbsp;<strong style="box-sizing: border-box; margin: 0px; padding: 0px; border: 0px; outline: 0px; vertical-align: baseline; background: transparent;">Đầm voan ch&acirc;n v&aacute;y họa tiết m&egrave;o</strong></span></span></div>\n<div style="box-sizing: border-box; margin: 0px; padding: 0px; border: 0px; outline: 0px; vertical-align: baseline; font-family: ''Segoe UI'', Arial; font-size: 12px; line-height: 20.8px; text-align: center; background: transparent;">\n\n</div>\n<p style="box-sizing: border-box; margin: 0px 0px 20px; padding: 0px; border: 0px; outline: 0px; vertical-align: baseline; font-family: Roboto, Arial, Helvetica, sans-serif; font-size: 17px; line-height: 25.5px; text-align: center; background: transparent;"><img style="box-sizing: border-box; border: 0px; vertical-align: middle; margin: 0px; padding: 0px; outline: 0px; max-width: 100%; background: transparent;" src="http://www.remoingay.com/uploads/news/images/3/TB2RjWncXXXXXaIXpXXXXXXXXXX-263817957.jpg" alt="" /></p>\n<p style="box-sizing: border-box; margin: 0px 0px 20px; padding: 0px; border: 0px; outline: 0px; vertical-align: baseline; font-family: Roboto, Arial, Helvetica, sans-serif; font-size: 17px; line-height: 25.5px; text-align: center; background: transparent;"><img style="box-sizing: border-box; border: 0px; vertical-align: middle; margin: 0px; padding: 0px; outline: 0px; max-width: 100%; background: transparent;" src="http://www.remoingay.com/uploads/news/images/3/TB2sNGmcXXXXXaGXpXXXXXXXXXX-263817957.jpg" alt="" /></p>\n<p style="box-sizing: border-box; margin: 0px 0px 20px; padding: 0px; border: 0px; outline: 0px; vertical-align: baseline; font-family: Roboto, Arial, Helvetica, sans-serif; font-size: 17px; line-height: 25.5px; background: transparent;"><span style="box-sizing: border-box; margin: 0px; padding: 0px; border: 0px; outline: 0px; vertical-align: baseline; font-size: 16px; background: transparent;">Sản phẩm được thiết kế với chất liệu voan cao cấp, những đường cắt may chi tiết, cẩn thận v&agrave; kh&eacute;o l&eacute;o c&ugrave;ng họa tiết được in ch&igrave;m phối m&agrave;u trở n&ecirc;n nổi bật hơn. Để trang phục th&ecirc;m phần thu h&uacute;t hơn th&igrave; bạn g&aacute;i c&oacute; thể phối chiếc&nbsp;<em style="box-sizing: border-box; margin: 0px; padding: 0px; border: 0px; outline: 0px; vertical-align: baseline; background: transparent;"><strong style="box-sizing: border-box; margin: 0px; padding: 0px; border: 0px; outline: 0px; vertical-align: baseline; background: transparent;">đầm voan h&agrave;n quốc</strong></em>&nbsp;n&agrave;y với đ&ocirc;i gi&agrave;y năng động như: sandal, gi&agrave;y thể thao hoặc ưa&nbsp;th&iacute;ch sự nhẹ nh&agrave;ng, nữ t&iacute;nh th&igrave; phối c&ugrave;ng gi&agrave;y bệt hay cao g&oacute;t vừa đi k&egrave;m l&agrave; chiếc t&uacute;i x&aacute;ch đơn giản. Chỉ thế th&ocirc;i l&agrave; đ&atilde;&nbsp;c&oacute; ngay một phong c&aacute;ch đơn giản - trẻ trung - năng động m&agrave; vẫn kh&ocirc;ng k&eacute;m phần duy&ecirc;n d&aacute;ng, phải kh&ocirc;ng n&agrave;o ?</span></p>\n<p style="box-sizing: border-box; margin: 0px 0px 20px; padding: 0px; border: 0px; outline: 0px; vertical-align: baseline; font-family: Roboto, Arial, Helvetica, sans-serif; font-size: 17px; line-height: 25.5px; text-align: center; background: transparent;"><img style="box-sizing: border-box; border: 0px; vertical-align: middle; margin: 0px; padding: 0px; outline: 0px; max-width: 100%; background: transparent;" src="http://www.remoingay.com/uploads/news/images/3/TB2ukCpcXXXXXXbXpXXXXXXXXXX-263817957.jpg" alt="" /></p>\n<p style="box-sizing: border-box; margin: 0px 0px 20px; padding: 0px; border: 0px; outline: 0px; vertical-align: baseline; font-family: Roboto, Arial, Helvetica, sans-serif; font-size: 17px; line-height: 25.5px; text-align: center; background: transparent;"><img style="box-sizing: border-box; border: 0px; vertical-align: middle; margin: 0px; padding: 0px; outline: 0px; max-width: 100%; background: transparent;" src="http://www.remoingay.com/uploads/news/images/3/TB2YroPcpXXXXbrXXXXXXXXXXXX-263817957.jpg" alt="" /></p>\n<p style="box-sizing: border-box; margin: 0px 0px 20px; padding: 0px; border: 0px; outline: 0px; vertical-align: baseline; font-family: Roboto, Arial, Helvetica, sans-serif; font-size: 17px; line-height: 25.5px; text-align: center; background: transparent;"><img style="box-sizing: border-box; border: 0px; vertical-align: middle; margin: 0px; padding: 0px; outline: 0px; max-width: 100%; background: transparent;" src="http://www.remoingay.com/uploads/news/images/000/TB2zhNHcVXXXXXRXpXXXXXXXXXX_!!2249248934.jpg" alt="" /></p>\n<p style="box-sizing: border-box; margin: 0px 0px 20px; padding: 0px; border: 0px; outline: 0px; vertical-align: baseline; font-family: Roboto, Arial, Helvetica, sans-serif; font-size: 17px; line-height: 25.5px; text-align: center; background: transparent;"><img style="box-sizing: border-box; border: 0px; vertical-align: middle; margin: 0px; padding: 0px; outline: 0px; max-width: 100%; background: transparent;" src="http://www.remoingay.com/uploads/news/images/000/TB2Xk0JcVXXXXXnXpXXXXXXXXXX_!!2249248934.jpg" alt="" /></p>\n<p style="box-sizing: border-box; margin: 0px 0px 20px; padding: 0px; border: 0px; outline: 0px; vertical-align: baseline; font-family: Roboto, Arial, Helvetica, sans-serif; font-size: 17px; line-height: 25.5px; text-align: center; background: transparent;"><img style="box-sizing: border-box; border: 0px; vertical-align: middle; margin: 0px; padding: 0px; outline: 0px; max-width: 100%; background: transparent;" src="http://www.remoingay.com/uploads/news/images/000/TB2HtXPcVXXXXcxXXXXXXXXXXXX_!!2249248934.jpg" alt="" /></p>\n<p style="box-sizing: border-box; margin: 0px 0px 20px; padding: 0px; border: 0px; outline: 0px; vertical-align: baseline; font-family: Roboto, Arial, Helvetica, sans-serif; font-size: 17px; line-height: 25.5px; text-align: center; background: transparent;"><img style="box-sizing: border-box; border: 0px; vertical-align: middle; margin: 0px; padding: 0px; outline: 0px; max-width: 100%; background: transparent;" src="http://www.remoingay.com/uploads/news/images/000/TB2FgFTcVXXXXbXXXXXXXXXXXXX_!!2249248934.jpg" alt="" /></p>\n<p style="box-sizing: border-box; margin: 0px 0px 20px; padding: 0px; border: 0px; outline: 0px; vertical-align: baseline; font-family: Roboto, Arial, Helvetica, sans-serif; font-size: 17px; line-height: 25.5px; text-align: center; background: transparent;"><img style="box-sizing: border-box; border: 0px; vertical-align: middle; margin: 0px; padding: 0px; outline: 0px; max-width: 100%; background: transparent;" src="http://www.remoingay.com/uploads/news/images/000/TB2HzlDcVXXXXaNXpXXXXXXXXXX_!!2249248934.jpg" alt="" /></p>\n<p style="box-sizing: border-box; margin: 0px 0px 20px; padding: 0px; border: 0px; outline: 0px; vertical-align: baseline; font-family: Roboto, Arial, Helvetica, sans-serif; font-size: 17px; line-height: 25.5px; text-align: center; background: transparent;"><img style="box-sizing: border-box; border: 0px; vertical-align: middle; margin: 0px; padding: 0px; outline: 0px; max-width: 100%; background: transparent;" src="http://www.remoingay.com/uploads/news/images/000/TB2KUNOcVXXXXcxXXXXXXXXXXXX_!!2249248934.jpg" alt="" /></p>\n<p style="box-sizing: border-box; margin: 0px 0px 20px; padding: 0px; border: 0px; outline: 0px; vertical-align: baseline; font-family: Roboto, Arial, Helvetica, sans-serif; font-size: 17px; line-height: 25.5px; text-align: center; background: transparent;"><img style="box-sizing: border-box; border: 0px; vertical-align: middle; margin: 0px; padding: 0px; outline: 0px; max-width: 100%; background: transparent;" src="http://www.remoingay.com/uploads/news/images/000/TB2Wk4QcVXXXXcXXXXXXXXXXXXX_!!2249248934.jpg" alt="" /></p>\n<p style="box-sizing: border-box; margin: 0px 0px 20px; padding: 0px; border: 0px; outline: 0px; vertical-align: baseline; font-family: Roboto, Arial, Helvetica, sans-serif; font-size: 17px; line-height: 25.5px; text-align: center; background: transparent;"><img style="box-sizing: border-box; border: 0px; vertical-align: middle; margin: 0px; padding: 0px; outline: 0px; max-width: 100%; background: transparent;" src="http://www.remoingay.com/uploads/news/images/000/TB2V5NUcVXXXXatXXXXXXXXXXXX_!!2249248934.jpg" alt="" /></p>\n<p style="box-sizing: border-box; margin: 0px 0px 20px; padding: 0px; border: 0px; outline: 0px; vertical-align: baseline; font-family: Roboto, Arial, Helvetica, sans-serif; font-size: 17px; line-height: 25.5px; text-align: center; background: transparent;">&nbsp;</p>\n<p style="box-sizing: border-box; margin: 0px 0px 20px; padding: 0px; border: 0px; outline: 0px; vertical-align: baseline; font-family: Roboto, Arial, Helvetica, sans-serif; font-size: 17px; line-height: 25.5px; text-align: center; background: transparent;"><img style="box-sizing: border-box; border: 0px; vertical-align: middle; margin: 0px; padding: 0px; outline: 0px; max-width: 100%; background: transparent;" src="http://www.remoingay.com/uploads/news/images/000/TB2Cu4UcVXXXXaGXXXXXXXXXXXX_!!2249248934.jpg" alt="" /></p>\n<p style="box-sizing: border-box; margin: 0px 0px 20px; padding: 0px; border: 0px; outline: 0px; vertical-align: baseline; font-family: Roboto, Arial, Helvetica, sans-serif; font-size: 17px; line-height: 25.5px; text-align: center; background: transparent;"><img style="box-sizing: border-box; border: 0px; vertical-align: middle; margin: 0px; padding: 0px; outline: 0px; max-width: 100%; background: transparent;" src="http://www.remoingay.com/uploads/news/images/000/TB2Y7FAcVXXXXaPXpXXXXXXXXXX_!!2249248934.jpg" alt="" /></p>\n<p style="box-sizing: border-box; margin: 0px 0px 20px; padding: 0px; border: 0px; outline: 0px; vertical-align: baseline; font-family: Roboto, Arial, Helvetica, sans-serif; font-size: 17px; line-height: 25.5px; text-align: center; background: transparent;"><img style="box-sizing: border-box; border: 0px; vertical-align: middle; margin: 0px; padding: 0px; outline: 0px; max-width: 100%; background: transparent;" src="http://www.remoingay.com/uploads/news/images/3/TB2QmChcpXXXXXhXXXXXXXXXXXX-263817957.jpg" alt="" /></p>', '2015-09-07 00:23:23', '2015-09-07 00:23:23', 'D6535');
INSERT INTO `product` (`id`, `name`, `image`, `price`, `promotion`, `quantity`, `color`, `size`, `category_id`, `status`, `description`, `created_at`, `updated_at`, `SKU`) VALUES
(7, 'Đầm form rộng Ribbon', 'pro55ed3c32907e0.jpg', 279000, 'Đầm form rộng Ribbon trẻ trung, dễ thương trị giá 350.000 VNĐ nay chỉ còn 179.000 VNĐ.', 10, '', '', 5, '4', '<p style="box-sizing: border-box; margin: 0px 0px 20px; padding: 0px; border: 0px; outline: 0px; vertical-align: baseline; font-family: Roboto, Arial, Helvetica, sans-serif; font-size: 17px; line-height: 25.5px; background: transparent;"><span style="box-sizing: border-box; margin: 0px; padding: 0px; border: 0px; outline: 0px; vertical-align: baseline; font-size: 16px; background: transparent;"><a style="box-sizing: border-box; color: #ed145b; text-decoration: none; margin: 0px; padding: 0px; border: 0px; outline: none; vertical-align: baseline; background: transparent;" href="http://www.remoingay.com/thoi-trang-nu/dam-thoi-trang/dam-dao-pho.html"><strong style="box-sizing: border-box; margin: 0px; padding: 0px; border: 0px; outline: 0px; vertical-align: baseline; background: transparent;">Đầm dạo phố</strong></a>&nbsp;form rộng kiểu d&aacute;ng c&aacute;ch điệu lu&ocirc;n l&agrave; mang đến vẻ đẹp c&aacute; t&iacute;nh, hiện đại để c&aacute;c bạn g&aacute;i th&ecirc;m phần duy&ecirc;n d&aacute;ng v&agrave; dễ thương m&agrave; kh&ocirc;ng k&eacute;m phần năng động, trẻ trung với thiết kế thoải m&aacute;i, dễ chịu.&nbsp;<em style="box-sizing: border-box; margin: 0px; padding: 0px; border: 0px; outline: 0px; vertical-align: baseline; background: transparent;"><strong style="box-sizing: border-box; margin: 0px; padding: 0px; border: 0px; outline: 0px; vertical-align: baseline; background: transparent;">Đầm form rộng Ribbon</strong></em>&nbsp;ch&iacute;nh l&agrave; sự lựa chọn v&ocirc; c&ugrave;ng ho&agrave;n hảo d&agrave;nh cho c&aacute;c c&ocirc; g&aacute;i, ph&ugrave; hợp được với nhiều d&aacute;ng người v&agrave; sự kiện kh&aacute;c nhau.&nbsp;</span></p>\n<p style="box-sizing: border-box; margin: 0px 0px 20px; padding: 0px; border: 0px; outline: 0px; vertical-align: baseline; font-family: Roboto, Arial, Helvetica, sans-serif; font-size: 17px; line-height: 25.5px; text-align: center; background: transparent;"><img style="box-sizing: border-box; border: 0px; vertical-align: middle; margin: 0px; padding: 0px; outline: 0px; max-width: 100%; background: transparent;" src="http://www.remoingay.com/uploads/news/images/118/TB2yrXGcVXXXXXbXXXXXXXXXXXX-595376898.jpg" alt="" /></p>\n<p style="box-sizing: border-box; margin: 0px 0px 20px; padding: 0px; border: 0px; outline: 0px; vertical-align: baseline; font-family: Roboto, Arial, Helvetica, sans-serif; font-size: 17px; line-height: 25.5px; text-align: center; background: transparent;"><img style="box-sizing: border-box; border: 0px; vertical-align: middle; margin: 0px; padding: 0px; outline: 0px; max-width: 100%; background: transparent;" src="http://www.remoingay.com/uploads/news/images/118/TB2yENmcVXXXXa0XpXXXXXXXXXX-595376898.jpg" alt="" /></p>\n<p style="box-sizing: border-box; margin: 0px 0px 20px; padding: 0px; border: 0px; outline: 0px; vertical-align: baseline; font-family: Roboto, Arial, Helvetica, sans-serif; font-size: 17px; line-height: 25.5px; text-align: center; background: transparent;"><img style="box-sizing: border-box; border: 0px; vertical-align: middle; margin: 0px; padding: 0px; outline: 0px; max-width: 100%; background: transparent;" src="http://www.remoingay.com/uploads/news/images/118/TB2xXlycVXXXXbqXXXXXXXXXXXX-595376898.jpg" alt="" /></p>\n<p style="box-sizing: border-box; margin: 0px 0px 20px; padding: 0px; border: 0px; outline: 0px; vertical-align: baseline; font-family: Roboto, Arial, Helvetica, sans-serif; font-size: 17px; line-height: 25.5px; text-align: center; background: transparent;"><img style="box-sizing: border-box; border: 0px; vertical-align: middle; margin: 0px; padding: 0px; outline: 0px; max-width: 100%; background: transparent;" src="http://www.remoingay.com/uploads/news/images/118/TB2WspvcVXXXXbUXXXXXXXXXXXX-595376898.jpg" alt="" /></p>\n<p style="box-sizing: border-box; margin: 0px 0px 20px; padding: 0px; border: 0px; outline: 0px; vertical-align: baseline; font-family: Roboto, Arial, Helvetica, sans-serif; font-size: 17px; line-height: 25.5px; text-align: center; background: transparent;"><img style="box-sizing: border-box; border: 0px; vertical-align: middle; margin: 0px; padding: 0px; outline: 0px; max-width: 100%; background: transparent;" src="http://www.remoingay.com/uploads/news/images/118/TB2sMdwcVXXXXbAXXXXXXXXXXXX-595376898.jpg" alt="" /></p>\n<div style="box-sizing: border-box; margin: 0px; padding: 0px; border: 0px; outline: 0px; vertical-align: baseline; font-family: ''Segoe UI'', Arial; font-size: 12px; background: transparent;"><span style="box-sizing: border-box; margin: 0px; padding: 0px; border: 0px; outline: 0px; vertical-align: baseline; font-size: 16px; background: transparent;"><strong style="box-sizing: border-box; margin: 0px; padding: 0px; border: 0px; outline: 0px; vertical-align: baseline; background: transparent;">Th&ocirc;ng tin sản phẩm</strong></span></div>\n<div style="box-sizing: border-box; margin: 0px; padding: 0px; border: 0px; outline: 0px; vertical-align: baseline; font-family: ''Segoe UI'', Arial; font-size: 12px; background: transparent;"><span style="box-sizing: border-box; margin: 0px; padding: 0px; border: 0px; outline: 0px; vertical-align: baseline; font-size: 16px; background: transparent;">T&ecirc;n sản phẩm: Đầm form rộng Ribbon</span></div>\n<div style="box-sizing: border-box; margin: 0px; padding: 0px; border: 0px; outline: 0px; vertical-align: baseline; font-family: ''Segoe UI'', Arial; font-size: 12px; background: transparent;">\n\n</div>\n<div style="box-sizing: border-box; margin: 0px; padding: 0px; border: 0px; outline: 0px; vertical-align: baseline; font-family: ''Segoe UI'', Arial; font-size: 12px; text-align: center; background: transparent;"><span style="box-sizing: border-box; margin: 0px; padding: 0px; border: 0px; outline: 0px; vertical-align: baseline; font-size: 16px; background: transparent;"><img style="box-sizing: border-box; border: 0px; vertical-align: middle; margin: 0px; padding: 0px; outline: 0px; max-width: 100%; background: transparent;" src="http://www.remoingay.com/uploads/news/images/Size%20chart/size.png" alt="" /></span></div>\n<div style="box-sizing: border-box; margin: 0px; padding: 0px; border: 0px; outline: 0px; vertical-align: baseline; font-family: ''Segoe UI'', Arial; font-size: 12px; text-align: center; background: transparent;"><span style="box-sizing: border-box; margin: 0px; padding: 0px; border: 0px; outline: 0px; vertical-align: baseline; font-size: 16px; background: transparent;"><img style="box-sizing: border-box; border: 0px; vertical-align: middle; margin: 0px; padding: 0px; outline: 0px; max-width: 100%; background: transparent;" src="http://www.remoingay.com/uploads/news/images/118/TB2Q.JrcVXXXXc8XXXXXXXXXXXX-595376898.jpg" alt="" /></span></div>\n<div style="box-sizing: border-box; margin: 0px; padding: 0px; border: 0px; outline: 0px; vertical-align: baseline; font-family: ''Segoe UI'', Arial; font-size: 12px; text-align: center; background: transparent;"><span style="box-sizing: border-box; margin: 0px; padding: 0px; border: 0px; outline: 0px; vertical-align: baseline; font-size: 16px; background: transparent;"><img style="box-sizing: border-box; border: 0px; vertical-align: middle; margin: 0px; padding: 0px; outline: 0px; max-width: 100%; background: transparent;" src="http://www.remoingay.com/uploads/news/images/118/TB2Ml8jcVXXXXX7XpXXXXXXXXXX-595376898.jpg" alt="" /></span></div>\n<div style="box-sizing: border-box; margin: 0px; padding: 0px; border: 0px; outline: 0px; vertical-align: baseline; font-family: ''Segoe UI'', Arial; font-size: 12px; text-align: center; background: transparent;"><span style="box-sizing: border-box; margin: 0px; padding: 0px; border: 0px; outline: 0px; vertical-align: baseline; font-size: 16px; background: transparent;"><img style="box-sizing: border-box; border: 0px; vertical-align: middle; margin: 0px; padding: 0px; outline: 0px; max-width: 100%; background: transparent;" src="http://www.remoingay.com/uploads/news/images/118/TB2LDpBcVXXXXasXXXXXXXXXXXX-595376898.jpg" alt="" /></span></div>\n<div style="box-sizing: border-box; margin: 0px; padding: 0px; border: 0px; outline: 0px; vertical-align: baseline; font-family: ''Segoe UI'', Arial; font-size: 12px; text-align: center; background: transparent;"><span style="box-sizing: border-box; margin: 0px; padding: 0px; border: 0px; outline: 0px; vertical-align: baseline; font-size: 16px; background: transparent;"><img style="box-sizing: border-box; border: 0px; vertical-align: middle; margin: 0px; padding: 0px; outline: 0px; max-width: 100%; background: transparent;" src="http://www.remoingay.com/uploads/news/images/118/TB2jdNvcVXXXXb4XXXXXXXXXXXX-595376898.jpg" alt="" /></span></div>\n<div style="box-sizing: border-box; margin: 0px; padding: 0px; border: 0px; outline: 0px; vertical-align: baseline; font-family: ''Segoe UI'', Arial; font-size: 12px; text-align: center; background: transparent;"><span style="box-sizing: border-box; margin: 0px; padding: 0px; border: 0px; outline: 0px; vertical-align: baseline; font-size: 16px; background: transparent;"><img style="box-sizing: border-box; border: 0px; vertical-align: middle; margin: 0px; padding: 0px; outline: 0px; max-width: 100%; background: transparent;" src="http://www.remoingay.com/uploads/news/images/118/TB2JcpXcVXXXXbUXpXXXXXXXXXX-595376898.jpg" alt="" /></span></div>\n<div style="box-sizing: border-box; margin: 0px; padding: 0px; border: 0px; outline: 0px; vertical-align: baseline; font-family: ''Segoe UI'', Arial; font-size: 12px; text-align: center; background: transparent;"><span style="box-sizing: border-box; margin: 0px; padding: 0px; border: 0px; outline: 0px; vertical-align: baseline; font-size: 16px; background: transparent;"><img style="box-sizing: border-box; border: 0px; vertical-align: middle; margin: 0px; padding: 0px; outline: 0px; max-width: 100%; background: transparent;" src="http://www.remoingay.com/uploads/news/images/118/TB2aLRncVXXXXaBXpXXXXXXXXXX-595376898.jpg" alt="" /></span></div>\n<div style="box-sizing: border-box; margin: 0px; padding: 0px; border: 0px; outline: 0px; vertical-align: baseline; font-family: ''Segoe UI'', Arial; font-size: 12px; text-align: center; background: transparent;"><span style="box-sizing: border-box; margin: 0px; padding: 0px; border: 0px; outline: 0px; vertical-align: baseline; font-size: 16px; background: transparent;"><img style="box-sizing: border-box; border: 0px; vertical-align: middle; margin: 0px; padding: 0px; outline: 0px; max-width: 100%; background: transparent;" src="http://www.remoingay.com/uploads/news/images/118/TB29VRmcVXXXXaHXpXXXXXXXXXX-595376898.jpg" alt="" /></span></div>', '2015-09-07 00:26:42', '2015-09-07 00:26:42', 'D6727'),
(8, 'Đầm sọc cổ somi phối voan', 'pro55ed3e59c65ea.jpg', 199000, 'Đầm sọc cổ somi phối voan sang trọng, trẻ trung và thời trang trị giá 400.000 VNĐ nay chỉ còn 199.000 VNĐ', 10, '', '', 5, '4', '<p style="box-sizing: border-box; margin: 0px 0px 20px; padding: 0px; border: 0px; outline: 0px; vertical-align: baseline; font-family: Roboto, Arial, Helvetica, sans-serif; font-size: 17px; line-height: 25.5px; background: transparent;"><span style="box-sizing: border-box; margin: 0px; padding: 0px; border: 0px; outline: 0px; vertical-align: baseline; font-size: 16px; background: transparent;">Với chiếc&nbsp;<em style="box-sizing: border-box; margin: 0px; padding: 0px; border: 0px; outline: 0px; vertical-align: baseline; background: transparent;"><strong style="box-sizing: border-box; margin: 0px; padding: 0px; border: 0px; outline: 0px; vertical-align: baseline; background: transparent;">đầm sọc cổ somi phối voan</strong></em>&nbsp;n&agrave;y thật sự sẽ l&agrave; một chiếc&nbsp;<a style="box-sizing: border-box; color: #ed145b; text-decoration: none; margin: 0px; padding: 0px; border: 0px; outline: none; vertical-align: baseline; background: transparent;" href="http://www.remoingay.com/thoi-trang-nu/dam-thoi-trang.html"><strong style="box-sizing: border-box; margin: 0px; padding: 0px; border: 0px; outline: 0px; vertical-align: baseline; background: transparent;">đầm nữ</strong></a>&nbsp; xứng&nbsp;đ&aacute;ng được c&aacute;c n&agrave;ng cưng chiều lắm lu&ocirc;n nh&eacute;, rất tiện dụng, thời trang lại v&ocirc; c&ugrave;ng c&aacute; t&iacute;nh, nhưng kh&ocirc;ng k&eacute;m phần thoải m&aacute;i, dễ chịu với chất liệu cao cấp, ph&iacute;a tr&ecirc;n l&agrave; thun co gi&atilde;n in sọc ngang xen kẽ nổi bật, ch&acirc;n v&aacute;y x&ograve;e đẹp mắt phối voan dễ thương, phối c&ugrave;ng cổ somi thanh lịch, tinh tế m&agrave; kh&ocirc;ng k&eacute;m phần quyến rũ, tất cả đ&atilde; l&agrave;m n&ecirc;n chiếc&nbsp;<strong style="box-sizing: border-box; margin: 0px; padding: 0px; border: 0px; outline: 0px; vertical-align: baseline; background: transparent;">đầm x&ograve;e sọc</strong>&nbsp;thật nổi bật v&agrave; ph&aacute; c&aacute;ch n&agrave;y nh&eacute;.&nbsp;</span></p>\n<p style="box-sizing: border-box; margin: 0px 0px 20px; padding: 0px; border: 0px; outline: 0px; vertical-align: baseline; font-family: Roboto, Arial, Helvetica, sans-serif; font-size: 17px; line-height: 25.5px; text-align: center; background: transparent;"><img style="box-sizing: border-box; border: 0px; vertical-align: middle; margin: 0px; padding: 0px; outline: 0px; max-width: 100%; background: transparent;" src="http://www.remoingay.com/uploads/news/images/118/TB2RIQxcFXXXXXKXXXXXXXXXXXX-904256020.jpg" alt="" /></p>\n<p style="box-sizing: border-box; margin: 0px 0px 20px; padding: 0px; border: 0px; outline: 0px; vertical-align: baseline; font-family: Roboto, Arial, Helvetica, sans-serif; font-size: 17px; line-height: 25.5px; text-align: center; background: transparent;"><img style="box-sizing: border-box; border: 0px; vertical-align: middle; margin: 0px; padding: 0px; outline: 0px; max-width: 100%; background: transparent;" src="http://www.remoingay.com/uploads/news/images/118/TB2qEn.cFXXXXc7XpXXXXXXXXXX-904256020.jpg" alt="" /></p>\n<p style="box-sizing: border-box; margin: 0px 0px 20px; padding: 0px; border: 0px; outline: 0px; vertical-align: baseline; font-family: Roboto, Arial, Helvetica, sans-serif; font-size: 17px; line-height: 25.5px; text-align: center; background: transparent;"><img style="box-sizing: border-box; border: 0px; vertical-align: middle; margin: 0px; padding: 0px; outline: 0px; max-width: 100%; background: transparent;" src="http://www.remoingay.com/uploads/news/images/118/TB2znsccFXXXXbzXpXXXXXXXXXX-904256020.jpg" alt="" /></p>\n<p style="box-sizing: border-box; margin: 0px 0px 20px; padding: 0px; border: 0px; outline: 0px; vertical-align: baseline; font-family: Roboto, Arial, Helvetica, sans-serif; font-size: 17px; line-height: 25.5px; text-align: center; background: transparent;"><img style="box-sizing: border-box; border: 0px; vertical-align: middle; margin: 0px; padding: 0px; outline: 0px; max-width: 100%; background: transparent;" src="http://www.remoingay.com/uploads/news/images/118/TB2WDAmcFXXXXXiXpXXXXXXXXXX-904256020.jpg" alt="" /></p>\n<div style="box-sizing: border-box; margin: 0px; padding: 0px; border: 0px; outline: 0px; vertical-align: baseline; font-family: ''Segoe UI'', Arial; font-size: 12px; background: transparent;"><span style="box-sizing: border-box; margin: 0px; padding: 0px; border: 0px; outline: 0px; vertical-align: baseline; font-size: 16px; background: transparent;"><strong style="box-sizing: border-box; margin: 0px; padding: 0px; border: 0px; outline: 0px; vertical-align: baseline; background: transparent;">Th&ocirc;ng tin sản phẩm</strong></span></div>\n<div style="box-sizing: border-box; margin: 0px; padding: 0px; border: 0px; outline: 0px; vertical-align: baseline; font-family: ''Segoe UI'', Arial; font-size: 12px; background: transparent;"><span style="box-sizing: border-box; margin: 0px; padding: 0px; border: 0px; outline: 0px; vertical-align: baseline; font-size: 16px; background: transparent;">T&ecirc;n sản phẩm: Đầm sọc cổ somi phối voan</span></div>\n<div style="box-sizing: border-box; margin: 0px; padding: 0px; border: 0px; outline: 0px; vertical-align: baseline; font-family: ''Segoe UI'', Arial; font-size: 12px; background: transparent;">\n\n</div>\n<div style="box-sizing: border-box; margin: 0px; padding: 0px; border: 0px; outline: 0px; vertical-align: baseline; font-family: ''Segoe UI'', Arial; font-size: 12px; text-align: center; background: transparent;">&nbsp;</div>\n<div style="box-sizing: border-box; margin: 0px; padding: 0px; border: 0px; outline: 0px; vertical-align: baseline; font-family: ''Segoe UI'', Arial; font-size: 12px; text-align: center; background: transparent;">&nbsp;</div>\n<div style="box-sizing: border-box; margin: 0px; padding: 0px; border: 0px; outline: 0px; vertical-align: baseline; font-family: ''Segoe UI'', Arial; font-size: 12px; text-align: center; background: transparent;"><img style="box-sizing: border-box; border: 0px; vertical-align: middle; margin: 0px; padding: 0px; outline: 0px; max-width: 100%; background: transparent;" src="http://www.remoingay.com/uploads/news/images/118/TB2C_.acFXXXXcdXpXXXXXXXXXX-904256020.jpg" alt="" /></div>\n<div style="box-sizing: border-box; margin: 0px; padding: 0px; border: 0px; outline: 0px; vertical-align: baseline; font-family: ''Segoe UI'', Arial; font-size: 12px; text-align: center; background: transparent;"><img style="box-sizing: border-box; border: 0px; vertical-align: middle; margin: 0px; padding: 0px; outline: 0px; max-width: 100%; background: transparent;" src="http://www.remoingay.com/uploads/news/images/118/TB2N93tcFXXXXbVXXXXXXXXXXXX-904256020.jpg" alt="" /></div>\n<div style="box-sizing: border-box; margin: 0px; padding: 0px; border: 0px; outline: 0px; vertical-align: baseline; font-family: ''Segoe UI'', Arial; font-size: 12px; text-align: center; background: transparent;"><img style="box-sizing: border-box; border: 0px; vertical-align: middle; margin: 0px; padding: 0px; outline: 0px; max-width: 100%; background: transparent;" src="http://www.remoingay.com/uploads/news/images/118/TB2Q47ocFXXXXcNXXXXXXXXXXXX-904256020.jpg" alt="" /></div>\n<div style="box-sizing: border-box; margin: 0px; padding: 0px; border: 0px; outline: 0px; vertical-align: baseline; font-family: ''Segoe UI'', Arial; font-size: 12px; text-align: center; background: transparent;"><img style="box-sizing: border-box; border: 0px; vertical-align: middle; margin: 0px; padding: 0px; outline: 0px; max-width: 100%; background: transparent;" src="http://www.remoingay.com/uploads/news/images/118/TB2sfIzcFXXXXX7XXXXXXXXXXXX-904256020.jpg" alt="" /></div>\n<div style="box-sizing: border-box; margin: 0px; padding: 0px; border: 0px; outline: 0px; vertical-align: baseline; font-family: ''Segoe UI'', Arial; font-size: 12px; text-align: center; background: transparent;">&nbsp;</div>\n<div style="box-sizing: border-box; margin: 0px; padding: 0px; border: 0px; outline: 0px; vertical-align: baseline; font-family: ''Segoe UI'', Arial; font-size: 12px; text-align: center; background: transparent;">&nbsp;</div>\n<div style="box-sizing: border-box; margin: 0px; padding: 0px; border: 0px; outline: 0px; vertical-align: baseline; font-size: 17px; font-family: ''Segoe UI'', Arial; background: transparent;"><span style="box-sizing: border-box; margin: 0px; padding: 0px; border: 0px; outline: 0px; vertical-align: baseline; font-size: 16px; background: transparent;">Qu&aacute; tuyệt vời cho một sản phẩm thiết kế cao cấp m&agrave; gi&aacute; tiền lại rất b&igrave;nh d&acirc;n, ph&ugrave; hợp với nhiều t&uacute;i tiền của c&aacute;c bạn trẻ. Để th&ecirc;m phần lung linh v&agrave; nổi bật th&igrave; bạn g&aacute;i c&oacute; thể phối&nbsp;<em style="box-sizing: border-box; margin: 0px; padding: 0px; border: 0px; outline: 0px; vertical-align: baseline; background: transparent;"><strong style="box-sizing: border-box; margin: 0px; padding: 0px; border: 0px; outline: 0px; vertical-align: baseline; background: transparent;">đầm x&ograve;e phối voan</strong></em>&nbsp;n&agrave;y với đ&ocirc;i gi&agrave;y cao g&oacute;t duy&ecirc;n d&aacute;ng&nbsp;v&agrave; chiếc t&uacute;i x&aacute;ch ph&aacute; c&aacute;ch nhưng vẫn nữ t&iacute;nh&nbsp;nh&eacute;.</span></div>', '2015-09-07 00:35:53', '2015-09-07 00:35:53', 'D6728'),
(9, 'Đầm suông Peny thắt nơ eo', 'pro55ed3f223b95e.jpg', 179000, 'Đầm suông Peny thắt nơ eo trẻ trung, quyến rũ trị giá 350.000 VNĐ nay chỉ còn 179.000 VNĐ.', 10, '', '', 5, '5', '<p style="box-sizing: border-box; margin: 0px 0px 20px; padding: 0px; border: 0px; outline: 0px; vertical-align: baseline; font-family: Roboto, Arial, Helvetica, sans-serif; font-size: 17px; line-height: 25.5px; background: transparent;"><span style="box-sizing: border-box; margin: 0px; padding: 0px; border: 0px; outline: 0px; vertical-align: baseline; font-size: 16px; background: transparent;">M&ugrave;a Thu - Đ&ocirc;ng ch&iacute;nh l&agrave; l&uacute;c những gam m&agrave;u lạnh, trầm rất được ưa chuộng bởi sự c&aacute; t&iacute;nh, lạnh l&ugrave;ng v&agrave; mạnh mẽ, nhưng vẫn đầy b&iacute; ẩn, cuốn h&uacute;t, lu&ocirc;n khiến người đối diện phải t&ograve; m&ograve;. Vậy n&ecirc;n với chiếc&nbsp;<em style="box-sizing: border-box; margin: 0px; padding: 0px; border: 0px; outline: 0px; vertical-align: baseline; background: transparent;"><strong style="box-sizing: border-box; margin: 0px; padding: 0px; border: 0px; outline: 0px; vertical-align: baseline; background: transparent;">đầm su&ocirc;ng peny thắt nơ eo</strong></em>&nbsp;m&agrave;u x&aacute;m sắc lạnh n&agrave;y, chắc chắn mọi c&ocirc; n&agrave;ng sẽ muốn&nbsp;đưa em ấy về dinh ngay chỉ sau 1s nh&igrave;n thấy th&ocirc;i nh&eacute;.&nbsp;</span></p>\n<p style="box-sizing: border-box; margin: 0px 0px 20px; padding: 0px; border: 0px; outline: 0px; vertical-align: baseline; font-family: Roboto, Arial, Helvetica, sans-serif; font-size: 17px; line-height: 25.5px; text-align: center; background: transparent;"><img style="box-sizing: border-box; border: 0px; vertical-align: middle; margin: 0px; padding: 0px; outline: 0px; max-width: 100%; background: transparent;" src="http://www.remoingay.com/uploads/news/images/2107/TB28y34cXXXXXcFXXXXXXXXXXXX-1666465555.jpg" alt="" /></p>\n<div style="box-sizing: border-box; margin: 0px; padding: 0px; border: 0px; outline: 0px; vertical-align: baseline; font-family: ''Segoe UI'', Arial; font-size: 11.8182px; background: transparent;"><span style="box-sizing: border-box; margin: 0px; padding: 0px; border: 0px; outline: 0px; vertical-align: baseline; font-size: 16px; background: transparent;"><strong style="box-sizing: border-box; margin: 0px; padding: 0px; border: 0px; outline: 0px; vertical-align: baseline; background: transparent;">Th&ocirc;ng tin sản phẩm&nbsp;</strong></span></div>\n<div style="box-sizing: border-box; margin: 0px; padding: 0px; border: 0px; outline: 0px; vertical-align: baseline; font-family: ''Segoe UI'', Arial; font-size: 11.8182px; background: transparent;"><span style="box-sizing: border-box; margin: 0px; padding: 0px; border: 0px; outline: 0px; vertical-align: baseline; font-size: 16px; background: transparent;">T&ecirc;n sản phẩm:&nbsp;<strong style="box-sizing: border-box; margin: 0px; padding: 0px; border: 0px; outline: 0px; vertical-align: baseline; background: transparent;">Đầm su&ocirc;ng Peny thắt nơ eo</strong></span></div>\n<div style="box-sizing: border-box; margin: 0px; padding: 0px; border: 0px; outline: 0px; vertical-align: baseline; font-family: ''Segoe UI'', Arial; text-align: center; font-size: 11.8182px; background: transparent;">\n\n<p style="box-sizing: border-box; margin: 0px 0px 20px; padding: 0px; border: 0px; outline: 0px; vertical-align: baseline; background: transparent;">&nbsp;</p>\n</div>\n<p style="box-sizing: border-box; margin: 0px 0px 20px; padding: 0px; border: 0px; outline: 0px; vertical-align: baseline; font-family: Roboto, Arial, Helvetica, sans-serif; font-size: 17px; line-height: 25.5px; text-align: center; background: transparent;"><img style="box-sizing: border-box; border: 0px; vertical-align: middle; margin: 0px; padding: 0px; outline: 0px; max-width: 100%; background: transparent;" src="http://www.remoingay.com/uploads/news/images/2107/TB26M34cXXXXXcEXXXXXXXXXXXX-1666465555.jpg" alt="" /></p>\n<p style="box-sizing: border-box; margin: 0px 0px 20px; padding: 0px; border: 0px; outline: 0px; vertical-align: baseline; font-family: Roboto, Arial, Helvetica, sans-serif; font-size: 17px; line-height: 25.5px; background: transparent;"><span style="box-sizing: border-box; margin: 0px; padding: 0px; border: 0px; outline: 0px; vertical-align: baseline; font-size: 16px; background: transparent;"><a style="box-sizing: border-box; color: rgb(237, 20, 91); text-decoration: none; margin: 0px; padding: 0px; border: 0px; outline: none; vertical-align: baseline; background: transparent;" href="http://www.remoingay.com/6578-dam-body-soc-tay-lo.html"><strong style="box-sizing: border-box; margin: 0px; padding: 0px; border: 0px; outline: 0px; vertical-align: baseline; background: transparent;">Đầm su&ocirc;ng dạo phố</strong></a>&nbsp;thời trang sẽ l&agrave; sự lựa chọn v&ocirc; c&ugrave;ng tuyệt vời cho những bạn g&aacute;i c&aacute; t&iacute;nh, y&ecirc;u th&iacute;ch sự ph&aacute; c&aacute;ch nhưng vẫn giữ được n&eacute;t mềm mại, nữ t&iacute;nh cần c&oacute;. Nếu bạn l&agrave; một c&ocirc; g&aacute;i như thế th&igrave; c&ograve;n chần chờ g&igrave; nữa m&agrave; kh&ocirc;ng click MUA NGAY<em style="box-sizing: border-box; margin: 0px; padding: 0px; border: 0px; outline: 0px; vertical-align: baseline; background: transparent;"><strong style="box-sizing: border-box; margin: 0px; padding: 0px; border: 0px; outline: 0px; vertical-align: baseline; background: transparent;">&nbsp;đầm thắt nơ eo</strong></em>&nbsp;n&agrave;y để thỏa sức biến h&oacute;a phong c&aacute;ch của ri&ecirc;ng m&igrave;nh đi nhỉ !!!</span></p>\n<p style="box-sizing: border-box; margin: 0px 0px 20px; padding: 0px; border: 0px; outline: 0px; vertical-align: baseline; font-family: Roboto, Arial, Helvetica, sans-serif; font-size: 17px; line-height: 25.5px; text-align: center; background: transparent;"><img style="box-sizing: border-box; border: 0px; vertical-align: middle; margin: 0px; padding: 0px; outline: 0px; max-width: 100%; background: transparent;" src="http://www.remoingay.com/uploads/news/images/2107/TB2s274cXXXXXcrXXXXXXXXXXXX-1666465555.jpg" alt="" /></p>', '2015-09-07 00:39:14', '2015-09-07 00:39:14', 'D6637'),
(10, 'Đầm xòe caro kèm thắt lưng', 'pro55efd19cb0164.jpg', 199000, 'Đầm xòe caro kèm thắt lưng trẻ trung, duyên dáng, với họa tiết caro trắng - đen trị giá 250.000 VNĐ nay chỉ còn 199.000 VNĐ.', 10, '', '', 5, '4', '<p style="box-sizing: border-box; margin: 0px 0px 20px; padding: 0px; border: 0px; outline: 0px; vertical-align: baseline; font-family: Roboto, Arial, Helvetica, sans-serif; font-size: 17px; line-height: 25.5px; background: transparent;"><span style="box-sizing: border-box; margin: 0px; padding: 0px; border: 0px; outline: 0px; vertical-align: baseline; font-size: 16px; background: transparent;">Thiết kế bo eo đẹp, đằng sau k&egrave;m thắt eo, co gi&atilde;n thoải m&aacute;i, mang lại cảm gi&aacute;c dễ chịu cho c&aacute;c bạn g&aacute;i. C&ugrave;ng đ&oacute; gam m&agrave;u đen - trắng c&oacute; thể ph&ugrave; hợp c&ugrave;ng nhiều m&agrave;u da kh&aacute;c nhau, sản phẩm&nbsp;<strong style="box-sizing: border-box; margin: 0px; padding: 0px; border: 0px; outline: 0px; vertical-align: baseline; background: transparent;">đầm x&ograve;e nữ</strong>&nbsp;n&agrave;y ph&ugrave; hợp với c&aacute;c bạn g&aacute;i từ 52kg trở xuống (t&ugrave;y chiều cao) v&agrave; c&oacute; thể phối được nhiều trang phục. phụ kiện kh&aacute;c nhau nh&eacute;.&nbsp;</span></p>\r\n<p style="box-sizing: border-box; margin: 0px 0px 20px; padding: 0px; border: 0px; outline: 0px; vertical-align: baseline; font-family: Roboto, Arial, Helvetica, sans-serif; font-size: 17px; line-height: 25.5px; text-align: center; background: transparent;"><img style="box-sizing: border-box; border: 0px; vertical-align: middle; margin: 0px; padding: 0px; outline: 0px; max-width: 100%; background: transparent;" src="http://www.remoingay.com/uploads/news/images/709/TB24Wv2dFXXXXc8XXXXXXXXXXXX_!!350371359.jpg" alt="" /></p>\r\n<p style="box-sizing: border-box; margin: 0px 0px 20px; padding: 0px; border: 0px; outline: 0px; vertical-align: baseline; font-family: Roboto, Arial, Helvetica, sans-serif; font-size: 17px; line-height: 25.5px; text-align: center; background: transparent;"><img style="box-sizing: border-box; border: 0px; vertical-align: middle; margin: 0px; padding: 0px; outline: 0px; max-width: 100%; background: transparent;" src="http://www.remoingay.com/uploads/news/images/709/TB2C3PTdFXXXXaRXpXXXXXXXXXX_!!350371359.jpg" alt="" /></p>\r\n<p style="box-sizing: border-box; margin: 0px 0px 20px; padding: 0px; border: 0px; outline: 0px; vertical-align: baseline; font-family: Roboto, Arial, Helvetica, sans-serif; font-size: 17px; line-height: 25.5px; text-align: center; background: transparent;"><img style="box-sizing: border-box; border: 0px; vertical-align: middle; margin: 0px; padding: 0px; outline: 0px; max-width: 100%; background: transparent;" src="http://www.remoingay.com/uploads/news/images/709/TB2D.2TdFXXXXaJXpXXXXXXXXXX_!!350371359.jpg" alt="" /></p>\r\n<p style="box-sizing: border-box; margin: 0px 0px 20px; padding: 0px; border: 0px; outline: 0px; vertical-align: baseline; font-family: Roboto, Arial, Helvetica, sans-serif; font-size: 17px; line-height: 25.5px; text-align: center; background: transparent;"><img style="box-sizing: border-box; border: 0px; vertical-align: middle; margin: 0px; padding: 0px; outline: 0px; max-width: 100%; background: transparent;" src="http://www.remoingay.com/uploads/news/images/709/TB2gQzZdFXXXXXJXpXXXXXXXXXX_!!350371359.jpg" alt="" /></p>\r\n<p style="box-sizing: border-box; margin: 0px 0px 20px; padding: 0px; border: 0px; outline: 0px; vertical-align: baseline; font-family: Roboto, Arial, Helvetica, sans-serif; font-size: 17px; line-height: 25.5px; background: transparent;"><a style="box-sizing: border-box; color: rgb(237, 20, 91); text-decoration: none; margin: 0px; padding: 0px; border: 0px; outline: none; vertical-align: baseline; font-size: 16px; line-height: 25.6px; background: transparent;" href="http://www.remoingay.com/6813-dam-caro-2-day-tre-vai.html"><strong style="box-sizing: border-box; margin: 0px; padding: 0px; border: 0px; outline: 0px; vertical-align: baseline; background: transparent;">Đầm x&ograve;e caro k&egrave;m thắt lưng</strong></a><span style="box-sizing: border-box; margin: 0px; padding: 0px; border: 0px; outline: 0px; vertical-align: baseline; font-size: 16px; background: transparent;">&nbsp;v&ocirc; c&ugrave;ng xinh xắn, đ&aacute;ng y&ecirc;u l&agrave; sự lựa chọn ho&agrave;n hảo d&agrave;nh cho c&aacute;c bạn g&aacute;i trẻ trung, năng động với họa tiết caro thời trang, hiện đại. Đầm dạo phố kiểu d&aacute;ng đơn giản, form chuẩn đẹp, cổ somi đẹp, kh&ocirc;ng tay tho&aacute;ng m&aacute;t, thoải m&aacute;i, dễ d&agrave;ng phối c&ugrave;ng nhiều trang phục kh&aacute;c nhau như&nbsp;<em style="box-sizing: border-box; margin: 0px; padding: 0px; border: 0px; outline: 0px; vertical-align: baseline; background: transparent;"><strong style="box-sizing: border-box; margin: 0px; padding: 0px; border: 0px; outline: 0px; vertical-align: baseline; background: transparent;">&aacute;o cardigan, &aacute;o kho&aacute;c</strong></em>&nbsp;.... k&egrave;m ch&acirc;n v&aacute;y x&ograve;e duy&ecirc;n d&aacute;ng xinh xắn.&nbsp;</span></p>\r\n<p style="box-sizing: border-box; margin: 0px 0px 20px; padding: 0px; border: 0px; outline: 0px; vertical-align: baseline; font-family: Roboto, Arial, Helvetica, sans-serif; font-size: 17px; line-height: 25.5px; text-align: center; background: transparent;"><img style="box-sizing: border-box; border: 0px; vertical-align: middle; margin: 0px; padding: 0px; outline: 0px; max-width: 100%; background: transparent;" src="http://www.remoingay.com/uploads/news/images/709/TB2VmL6dFXXXXbKXXXXXXXXXXXX_!!350371359.jpg" alt="" /></p>\r\n<p style="box-sizing: border-box; margin: 0px 0px 20px; padding: 0px; border: 0px; outline: 0px; vertical-align: baseline; font-family: Roboto, Arial, Helvetica, sans-serif; font-size: 17px; line-height: 25.5px; background: transparent;">&nbsp;</p>\r\n<p>&nbsp;</p>', '2015-09-08 23:28:44', '2015-09-08 23:28:44', 'D6828');

-- --------------------------------------------------------

--
-- Table structure for table `recommend`
--

CREATE TABLE IF NOT EXISTS `recommend` (
  `id` int(11) NOT NULL,
  `context` text NOT NULL,
  `label` int(11) NOT NULL,
  `created_at` timestamp NOT NULL DEFAULT CURRENT_TIMESTAMP ON UPDATE CURRENT_TIMESTAMP
) ENGINE=InnoDB AUTO_INCREMENT=21 DEFAULT CHARSET=utf8;

--
-- Dumping data for table `recommend`
--

INSERT INTO `recommend` (`id`, `context`, `label`, `created_at`) VALUES
(1, 'tôi là nữ năm nay 20 tuổi, nặng 47kg, chiều cao 1m70. với vóc dáng như vậy tôi nên chọn cho mình trang phục như thế nào?', 1, '0000-00-00 00:00:00'),
(2, 'Tôi có dáng người khá nhỏ gọn, và thích mặc những trang phục nữ tính một chút. shop có sản phẩm nào phù hợp với tôi không?', 2, '0000-00-00 00:00:00'),
(3, 'Tôi có dáng người vừa phải. cân nặng 48kg, chiều cao 1m60 thì nên mặc gì nhỉ', 3, '0000-00-00 00:00:00'),
(4, 'người tròn tròn mũm mĩm thì mặc gì hợp nhỉ', 4, '2015-09-08 17:00:00'),
(5, 'thân hình tôi không được đẹp. có thể coi là thừa cân thì nên mặc được loại nào', 5, '2015-09-08 17:00:00'),
(6, 'Tôi có thân hình khá  mảnh mai thì nên mặc gì ạ.', 2, '0000-00-00 00:00:00'),
(7, 'người mập và lùn thì mặc gì được', 5, '2015-09-08 17:00:00'),
(8, 'gầy gò ốm yếu như mình thì mặc gì đẹp nhỉ', 1, '2015-09-09 05:36:46'),
(9, 'làm sao để người gầy mặc đẹp', 1, '2015-09-09 05:37:22'),
(10, 'siêu mỏng như mình thì mặc gì được nhỉ. ', 1, '2015-09-09 05:38:17'),
(11, 'thân hình mảnh dẻ như mình thì có sản phẩm nào đẹp không?', 2, '2015-09-09 05:39:02'),
(12, 'dáng người vừa phải, không quá cao, cũng không mập thì nên mặc gì', 3, '2015-09-09 05:40:00'),
(13, 'ai cũng bảo mình có chút thừa cân nên chẳng biết mặc gì nữa', 5, '2015-09-09 05:40:32'),
(14, 'hơi đầy đặn như mình thì phải làm sao ạ?', 4, '2015-09-09 05:40:55'),
(15, 'Không mập cũng chẳng gầy thì nên mặc gi đây', 3, '2015-09-09 05:42:54'),
(16, 'Bếu bếu, tròn tròn như mình thì có sản phẩm nào không nhỉ', 5, '2015-09-09 05:43:29'),
(17, 'có ai vóc dáng thon thả như mình mà không biết nên mặc gì không?', 2, '2015-09-09 05:44:54'),
(18, 'cứ bình thường, cân đối không quá mập cũng chẳng có gầy như mình thì dễ mặc này', 3, '2015-09-09 05:45:30'),
(19, 'Ai có kinh nghiệm gì thì tư vấn giúp xem cái thân hình hơi múp một tí nhưng không quá lỗ như mình thì nên mặc gì với ạ. cảm ơn nhé', 4, '2015-09-09 05:46:55'),
(20, 'Đầy đặn thế này có khi lại hay đấy, dễ chọn quần áo mà. lại còn đáng yêu nữa', 4, '2015-09-09 05:47:36');

-- --------------------------------------------------------

--
-- Table structure for table `role`
--

CREATE TABLE IF NOT EXISTS `role` (
  `id` int(10) unsigned NOT NULL,
  `name` varchar(255) COLLATE utf8_unicode_ci NOT NULL,
  `created_at` timestamp NOT NULL DEFAULT '0000-00-00 00:00:00',
  `updated_at` timestamp NOT NULL DEFAULT '0000-00-00 00:00:00'
) ENGINE=InnoDB AUTO_INCREMENT=5 DEFAULT CHARSET=utf8 COLLATE=utf8_unicode_ci;

--
-- Dumping data for table `role`
--

INSERT INTO `role` (`id`, `name`, `created_at`, `updated_at`) VALUES
(0, 'Member', '0000-00-00 00:00:00', '0000-00-00 00:00:00'),
(1, 'Admin', '0000-00-00 00:00:00', '0000-00-00 00:00:00'),
(4, 'quan ly', '2015-08-11 01:20:11', '2015-08-11 01:20:33');

-- --------------------------------------------------------

--
-- Table structure for table `size`
--

CREATE TABLE IF NOT EXISTS `size` (
  `id` int(10) unsigned NOT NULL,
  `name` varchar(255) COLLATE utf8_unicode_ci NOT NULL,
  `created_at` timestamp NOT NULL DEFAULT '0000-00-00 00:00:00',
  `updated_at` timestamp NOT NULL DEFAULT '0000-00-00 00:00:00'
) ENGINE=InnoDB AUTO_INCREMENT=8 DEFAULT CHARSET=utf8 COLLATE=utf8_unicode_ci;

--
-- Dumping data for table `size`
--

INSERT INTO `size` (`id`, `name`, `created_at`, `updated_at`) VALUES
(1, 'XS', '0000-00-00 00:00:00', '0000-00-00 00:00:00'),
(2, 'S', '0000-00-00 00:00:00', '0000-00-00 00:00:00'),
(3, 'M', '0000-00-00 00:00:00', '0000-00-00 00:00:00'),
(4, 'L', '0000-00-00 00:00:00', '0000-00-00 00:00:00'),
(5, 'XL', '0000-00-00 00:00:00', '0000-00-00 00:00:00'),
(6, 'Free Size', '0000-00-00 00:00:00', '0000-00-00 00:00:00'),
(7, 'XXL', '2015-08-25 00:00:39', '2015-08-25 00:00:39');

-- --------------------------------------------------------

--
-- Table structure for table `slider`
--

CREATE TABLE IF NOT EXISTS `slider` (
  `id` int(10) unsigned NOT NULL,
  `path` varchar(255) COLLATE utf8_unicode_ci NOT NULL,
  `image` varchar(45) COLLATE utf8_unicode_ci NOT NULL,
  `tittle` varchar(255) COLLATE utf8_unicode_ci NOT NULL,
  `exception` varchar(255) COLLATE utf8_unicode_ci NOT NULL,
  `description` varchar(255) COLLATE utf8_unicode_ci NOT NULL,
  `btn_name` varchar(45) COLLATE utf8_unicode_ci NOT NULL,
  `position` int(11) NOT NULL,
  `created_at` timestamp NOT NULL DEFAULT '0000-00-00 00:00:00',
  `updated_at` timestamp NOT NULL DEFAULT '0000-00-00 00:00:00'
) ENGINE=InnoDB AUTO_INCREMENT=6 DEFAULT CHARSET=utf8 COLLATE=utf8_unicode_ci;

--
-- Dumping data for table `slider`
--

INSERT INTO `slider` (`id`, `path`, `image`, `tittle`, `exception`, `description`, `btn_name`, `position`, `created_at`, `updated_at`) VALUES
(2, '', 'slider55ddc43f8f40d.jpg', '', '', '', '', 0, '2015-08-26 06:50:55', '2015-08-26 06:50:55'),
(3, '', 'slider55ddc4aece19f.jpg', '', '', '', '', 0, '2015-08-26 06:52:46', '2015-08-26 06:52:46'),
(4, '', 'slider55ddc4bacbbe7.jpg', '', '', '', '', 0, '2015-08-26 06:52:58', '2015-08-26 06:52:58'),
(5, '', 'slider55ddc4c7dbf05.jpg', '', '', '', '', 0, '2015-08-26 06:53:11', '2015-08-26 06:53:11');

-- --------------------------------------------------------

--
-- Table structure for table `users`
--

CREATE TABLE IF NOT EXISTS `users` (
  `id` int(10) unsigned NOT NULL,
  `name` varchar(255) COLLATE utf8_unicode_ci NOT NULL,
  `email` varchar(255) COLLATE utf8_unicode_ci NOT NULL,
  `password` varchar(60) COLLATE utf8_unicode_ci NOT NULL,
  `image` varchar(255) COLLATE utf8_unicode_ci NOT NULL,
  `role_id` int(10) unsigned NOT NULL,
  `active_token` varchar(255) COLLATE utf8_unicode_ci NOT NULL,
  `status` varchar(255) COLLATE utf8_unicode_ci NOT NULL,
  `remember_token` varchar(100) COLLATE utf8_unicode_ci DEFAULT NULL,
  `created_at` timestamp NOT NULL DEFAULT '0000-00-00 00:00:00',
  `updated_at` timestamp NOT NULL DEFAULT '0000-00-00 00:00:00'
) ENGINE=InnoDB AUTO_INCREMENT=13 DEFAULT CHARSET=utf8 COLLATE=utf8_unicode_ci;

--
-- Dumping data for table `users`
--

INSERT INTO `users` (`id`, `name`, `email`, `password`, `image`, `role_id`, `active_token`, `status`, `remember_token`, `created_at`, `updated_at`) VALUES
(1, 'Hoàng Linh Nhung', 'admin@oreju.com', '$2y$10$5frzsTlOjFKxsTpoxsyHNuQPfbS7Jy4O5FoIktqxibAgeeh5hAVja', '', 1, 'c996944e864cfba10397c820d3d4ea23', 'active', 'fnoufNUN0ZYDLCOgDOndxIlT7aru5MhCk6RJ1rILrKEs8CLRcDOeYPfsPa06', '2015-07-30 23:42:21', '2015-08-23 19:23:12'),
(2, 'hoangnhung', 'nhunght1108@gmail.com', '$2y$10$4EujrFNo7/qzRFkyDqj8/erbj/GFwSigMwWmfX7jZwzVQZAfVDVO6', '', 0, '399eb08bc04d72c087d8adb9151833cc', 'active', 'nfFPn8NP3TI4bfOMQnPOxy2VkKJ58wWxQIC1lKnhQ4sBhemTxgr2Md6vpe8n', '2015-07-30 23:59:01', '2015-08-10 21:01:40'),
(4, 'Hoàng', 'hoangtrunghieu@oreju.com', '$2y$10$UVv1l37miDGEb5eAfEzfcO/of8Nsa7.1WlA8kjcG6tHYeZT3SRuAi', '', 0, '', '1', '3vuaZXInCGWFCjRPBiD9RajbrPeh8Y6MHZOHK4EoIxnDw3xORmZ8bqtOH8Se', '2015-08-02 21:23:00', '2015-09-02 01:31:26'),
(6, 'Phái Cờ hó', 'phainv@smartosc.com', '$2y$10$z/qXa907L/WGxWzuuVKIfOOi5znOX6GlVFz36GMQttEB8arjeIGD6', '', 0, '', 'active', 'CV4ThSXnLHOXFD8m0Z0Kls2K1LRQh0GLUq5g6cDkTWtO0wPMyDob95Fw71Vq', '2015-08-02 21:34:59', '2015-08-10 20:31:48'),
(7, 'Hoàng  Nhung', 'abc@example.com', '$2y$10$FLkCmNs0.bgXx2Rxyq0yPOPkRCY4GRGzaPr8xN1HfuZ2FovC74VmC', '', 0, '', 'active', 'LZTaBG76zYvsDg7dQ00ZNshaeWDis5P9YzNjR2lM', '2015-08-03 00:12:27', '2015-08-03 00:12:27'),
(8, 'LinhNhungNguyễn', 'linhnhungnguyen94@gmail.com', '$2y$10$w6O0Bf5aREFRQiYnuXTY1unb1NxbFtLc8QzAn23P7rHDGgAS1OqgK', '', 1, '1ad1bf1e84dfdf8885665a7f8bd24f60', 'active', NULL, '2015-08-03 02:13:04', '2015-08-03 02:14:08'),
(10, 'Hoang Nhung', 'Nhung@oreju.com', '$2y$10$D4TcTDZh6/VCc.ro1euwAeBXkKVdCQ1BxzLLzzdbxLdIr7wR8rbzi', 'ava55d59f1fa3e35.gif', 0, '', 'active', 'zB42pGZuQT49XjHoRJRBjVxAh8umPxaF16pEBqmv', '2015-08-20 01:42:41', '2015-08-20 02:34:23'),
(12, 'Dương Hà Linh', 'nhunght_57@vnu.edu.vn', '$2y$10$WZMep/JzaGY53rNvHPDB7e5rr/BflLniizTq1A6GYDN.cWuu1TqO.', '', 0, '3d507f16f18efc30b84fd15f08a71982', 'unactive', NULL, '2015-08-23 19:36:52', '2015-08-23 19:36:52');

--
-- Indexes for dumped tables
--

--
-- Indexes for table `category`
--
ALTER TABLE `category`
  ADD PRIMARY KEY (`id`);

--
-- Indexes for table `classification`
--
ALTER TABLE `classification`
  ADD PRIMARY KEY (`id`);

--
-- Indexes for table `color`
--
ALTER TABLE `color`
  ADD PRIMARY KEY (`id`);

--
-- Indexes for table `comment`
--
ALTER TABLE `comment`
  ADD PRIMARY KEY (`id`);

--
-- Indexes for table `image`
--
ALTER TABLE `image`
  ADD PRIMARY KEY (`id`);

--
-- Indexes for table `mapproductcolor`
--
ALTER TABLE `mapproductcolor`
  ADD PRIMARY KEY (`id`);

--
-- Indexes for table `mapproductsize`
--
ALTER TABLE `mapproductsize`
  ADD PRIMARY KEY (`id`);

--
-- Indexes for table `news`
--
ALTER TABLE `news`
  ADD PRIMARY KEY (`id`);

--
-- Indexes for table `newscomment`
--
ALTER TABLE `newscomment`
  ADD PRIMARY KEY (`id`);

--
-- Indexes for table `order`
--
ALTER TABLE `order`
  ADD PRIMARY KEY (`id`);

--
-- Indexes for table `order_detail`
--
ALTER TABLE `order_detail`
  ADD PRIMARY KEY (`id`);

--
-- Indexes for table `password_resets`
--
ALTER TABLE `password_resets`
  ADD KEY `password_resets_email_index` (`email`), ADD KEY `password_resets_token_index` (`token`);

--
-- Indexes for table `permission`
--
ALTER TABLE `permission`
  ADD PRIMARY KEY (`id`);

--
-- Indexes for table `product`
--
ALTER TABLE `product`
  ADD PRIMARY KEY (`id`);

--
-- Indexes for table `recommend`
--
ALTER TABLE `recommend`
  ADD PRIMARY KEY (`id`);

--
-- Indexes for table `role`
--
ALTER TABLE `role`
  ADD PRIMARY KEY (`id`);

--
-- Indexes for table `size`
--
ALTER TABLE `size`
  ADD PRIMARY KEY (`id`);

--
-- Indexes for table `slider`
--
ALTER TABLE `slider`
  ADD PRIMARY KEY (`id`);

--
-- Indexes for table `users`
--
ALTER TABLE `users`
  ADD PRIMARY KEY (`id`), ADD UNIQUE KEY `users_email_unique` (`email`);

--
-- AUTO_INCREMENT for dumped tables
--

--
-- AUTO_INCREMENT for table `category`
--
ALTER TABLE `category`
  MODIFY `id` int(10) unsigned NOT NULL AUTO_INCREMENT,AUTO_INCREMENT=9;
--
-- AUTO_INCREMENT for table `classification`
--
ALTER TABLE `classification`
  MODIFY `id` int(11) NOT NULL AUTO_INCREMENT,AUTO_INCREMENT=6;
--
-- AUTO_INCREMENT for table `color`
--
ALTER TABLE `color`
  MODIFY `id` int(10) unsigned NOT NULL AUTO_INCREMENT,AUTO_INCREMENT=17;
--
-- AUTO_INCREMENT for table `comment`
--
ALTER TABLE `comment`
  MODIFY `id` int(10) unsigned NOT NULL AUTO_INCREMENT,AUTO_INCREMENT=2;
--
-- AUTO_INCREMENT for table `image`
--
ALTER TABLE `image`
  MODIFY `id` int(10) unsigned NOT NULL AUTO_INCREMENT,AUTO_INCREMENT=31;
--
-- AUTO_INCREMENT for table `mapproductcolor`
--
ALTER TABLE `mapproductcolor`
  MODIFY `id` int(10) unsigned NOT NULL AUTO_INCREMENT,AUTO_INCREMENT=14;
--
-- AUTO_INCREMENT for table `mapproductsize`
--
ALTER TABLE `mapproductsize`
  MODIFY `id` int(10) unsigned NOT NULL AUTO_INCREMENT,AUTO_INCREMENT=15;
--
-- AUTO_INCREMENT for table `news`
--
ALTER TABLE `news`
  MODIFY `id` int(10) unsigned NOT NULL AUTO_INCREMENT,AUTO_INCREMENT=7;
--
-- AUTO_INCREMENT for table `newscomment`
--
ALTER TABLE `newscomment`
  MODIFY `id` int(11) NOT NULL AUTO_INCREMENT,AUTO_INCREMENT=5;
--
-- AUTO_INCREMENT for table `order`
--
ALTER TABLE `order`
  MODIFY `id` int(10) unsigned NOT NULL AUTO_INCREMENT,AUTO_INCREMENT=5;
--
-- AUTO_INCREMENT for table `order_detail`
--
ALTER TABLE `order_detail`
  MODIFY `id` int(10) unsigned NOT NULL AUTO_INCREMENT,AUTO_INCREMENT=8;
--
-- AUTO_INCREMENT for table `permission`
--
ALTER TABLE `permission`
  MODIFY `id` int(10) unsigned NOT NULL AUTO_INCREMENT;
--
-- AUTO_INCREMENT for table `product`
--
ALTER TABLE `product`
  MODIFY `id` int(10) unsigned NOT NULL AUTO_INCREMENT,AUTO_INCREMENT=11;
--
-- AUTO_INCREMENT for table `recommend`
--
ALTER TABLE `recommend`
  MODIFY `id` int(11) NOT NULL AUTO_INCREMENT,AUTO_INCREMENT=21;
--
-- AUTO_INCREMENT for table `role`
--
ALTER TABLE `role`
  MODIFY `id` int(10) unsigned NOT NULL AUTO_INCREMENT,AUTO_INCREMENT=5;
--
-- AUTO_INCREMENT for table `size`
--
ALTER TABLE `size`
  MODIFY `id` int(10) unsigned NOT NULL AUTO_INCREMENT,AUTO_INCREMENT=8;
--
-- AUTO_INCREMENT for table `slider`
--
ALTER TABLE `slider`
  MODIFY `id` int(10) unsigned NOT NULL AUTO_INCREMENT,AUTO_INCREMENT=6;
--
-- AUTO_INCREMENT for table `users`
--
ALTER TABLE `users`
  MODIFY `id` int(10) unsigned NOT NULL AUTO_INCREMENT,AUTO_INCREMENT=13;
/*!40101 SET CHARACTER_SET_CLIENT=@OLD_CHARACTER_SET_CLIENT */;
/*!40101 SET CHARACTER_SET_RESULTS=@OLD_CHARACTER_SET_RESULTS */;
/*!40101 SET COLLATION_CONNECTION=@OLD_COLLATION_CONNECTION */;
